study_label,group_label,difference,estimate_mt,conf.low_mt,conf.high_mt,estimate_original,conf.low_original,conf.high_original
Bergan (2012),Age: 18 - 39,Significant,0.37258207762596823,0.2015416363589919,0.5436225188929446,-0.2188994010939293,-0.652433863588592,0.21463506140073335
Bergan (2012),Age: 40 - 59,Not Significant,-0.154261571587593,-0.5638125538138593,0.2552894106386733,-0.20408502385978944,-0.5496239338609183,0.14145388614133947
Bergan (2012),Age: More than 60,Not Significant,0.15158651543289522,-0.9817526354818829,1.2849256663476734,0.1203144437216994,-0.34145459460789435,0.5820834820512931
Bergan (2012),College,Not Significant,0.03534577686744486,-0.21658487437280985,0.2872764281076996,0.1848919125387812,-0.35813347733883294,0.7279173024163954
Bergan (2012),Graduate School,Significant,0.7557732250927824,0.2431894737343845,1.2683569764511804,-0.3910928328762915,-1.0582465497270208,0.27606088397443795
Bergan (2012),Less than College,Significant,0.3188535294003086,0.09739181836478084,0.5403152404358363,-0.19091683375316632,-0.4793471739793911,0.09751350647305844
Bergan (2012),Men,Not Significant,0.20532979164713863,-0.00900020744997209,0.4196597907442494,-0.03958233454366679,-0.3628808785100204,0.2837162094226869
Bergan (2012),Women,Significant,0.2916892039390564,0.05873895125559847,0.5246394566225143,-0.2206554475874373,-0.577712889217898,0.13640199404302336
Bergan (2012),Conservative,Not Significant,-0.48343290987363446,-0.8432336425984552,-0.1236321771488137,-0.719853037752338,-1.1459995413961177,-0.29370653410855835
Bergan (2012),Liberal,Not Significant,0.500678736353796,0.2956229148956607,0.7057345578119313,0.43844220423348,0.01715395502146494,0.859730453445495
Bergan (2012),Moderate,Not Significant,0.24837655400322375,-0.08127635598324975,0.5780294639896972,-0.0125363423449868,-0.36557579904937554,0.34050311435940195
Bergan (2012),Democrat,Not Significant,0.5122221936406315,0.31920073348216305,0.7052436537990999,0.16494338170130973,-0.18102391525873943,0.5109106786613589
Bergan (2012),Independent,Not Significant,0.0958856624359888,-0.3106445823155362,0.5024159071875138,0.8967080987471207,-0.07021135713998095,1.8636275546342225
Bergan (2012),Republican,Not Significant,-0.39137286783653286,-0.7428438354124799,-0.03990190026058582,-0.541767931412616,-0.8756495484880273,-0.20788631433720473
Bergan (2012),Nonwhite,Not Significant,0.35846970560756497,0.01698416266824198,0.699955248546888,-0.05639546173924895,-0.5890177340486236,0.4762268105701257
Bergan (2012),White,Significant,0.22860916209004728,0.04905296046113019,0.4081653637189644,-0.16506550008095774,-0.41449591216810894,0.08436491200619345
Brandt (2013),Age: 18 - 39,Not Significant,-0.7850264413656087,-0.8934665506052301,-0.6765863321259874,-0.4435554068525941,-0.8205065262560527,-0.06660428744913544
Brandt (2013),Age: 40 - 59,Significant,-0.7962247390288839,-0.9933141822553532,-0.5991352958024148,-0.3658724611504098,-0.6464800809640068,-0.08526484133681278
Brandt (2013),Age: More than 60,Not Significant,-0.5143878441465478,-1.0115947308256483,-0.01718095746744724,-0.4683661676627636,-0.8119641257425552,-0.12476820958297195
Brandt (2013),College,Not Significant,-0.7753880684688933,-0.9269071708063036,-0.623868966131483,-0.5969140777332993,-1.0543087787043104,-0.13951937676228826
Brandt (2013),Graduate School,Significant,-0.5799920721435651,-0.88106704281027,-0.27891710147686005,0.1539749476411324,-0.4465466575366934,0.7544965528189582
Brandt (2013),Less than College,Significant,-0.809897173948255,-0.9421641325962148,-0.6776302153002953,-0.427750857285997,-0.6641823407888292,-0.19131937378316485
Brandt (2013),Men,Significant,-0.713534791626113,-0.8458827039050266,-0.5811868793471994,-0.302050964965421,-0.6090453178480346,0.00494338791719262
Brandt (2013),Women,Significant,-0.8303602927337698,-0.964669544729952,-0.6960510407375874,-0.49107642129924745,-0.7425472224346155,-0.23960562016387937
Brandt (2013),Democrat,Not Significant,-0.7675620879612953,-0.8860802029934148,-0.6490439729291758,-0.5313839074284382,-0.8076972300568065,-0.25507058480006994
Brandt (2013),Independent,Significant,-0.7228607392929246,-0.9953126062313692,-0.45040887235448,0.4871030927813684,-0.6256370686273207,1.5998432541900576
Brandt (2013),Republican,Significant,-0.7803765428817354,-0.969069348699936,-0.5916837370635348,-0.3263011298126758,-0.6297912634364835,-0.02281099618886806
Brandt (2013),Nonwhite,Not Significant,-0.6637290455466139,-0.8854252257152743,-0.4420328653779536,-0.3846299864850247,-0.7762164501206741,0.00695647715062458
Brandt (2013),White,Significant,-0.8099448692323599,-0.913291224908514,-0.7065985135562058,-0.40967886460527336,-0.6310363300963557,-0.188321399114191
Caprariello and Reis (2013),Age: 18 - 39,Not Significant,-0.14066558319311057,-0.2616568237422451,-0.01967434264397603,-0.4177476915120823,-0.9752185356088314,0.13972315258466672
Caprariello and Reis (2013),Age: 40 - 59,Not Significant,-0.06519153477588173,-0.31521768058083777,0.18483461102907428,-0.15142770178045528,-0.6153442586884559,0.3124888551275453
Caprariello and Reis (2013),Age: More than 60,Not Significant,-0.1944166712193189,-0.7760268915317213,0.38719354909308346,-0.07330238537072911,-0.4680790125736265,0.32147424183216833
Caprariello and Reis (2013),College,Not Significant,-0.07055058365589781,-0.24311293914254847,0.10201177183075286,-0.491749552872132,-1.0917579814826592,0.10825887573839532
Caprariello and Reis (2013),Graduate School,Not Significant,-0.1821605153594941,-0.5285080420471491,0.16418701132816085,-0.7749894559513982,-1.499328467946321,-0.05065044395647555
Caprariello and Reis (2013),Less than College,Not Significant,-0.1498965961985313,-0.29765205813259993,-0.00214113426446266,-0.0867486795781666,-0.4340785047792297,0.26058114562289647
Caprariello and Reis (2013),Men,Not Significant,-0.06183635141492659,-0.2146005302612427,0.09092782743138954,-0.3069150579379352,-0.6898580876621319,0.07602797178626136
Caprariello and Reis (2013),Women,Not Significant,-0.19445454043927624,-0.3442350977780453,-0.04467398310050727,-0.16952432473630047,-0.6012888556354727,0.26224020616287186
Caprariello and Reis (2013),Conservative,Not Significant,-0.10242589531459388,-0.3485616869728138,0.14370989634362608,-0.1138684162547136,-0.5238898262257442,0.296152993716317
Caprariello and Reis (2013),Liberal,Not Significant,-0.07098199510069807,-0.20964377597816247,0.06767978577676632,-0.5838669839971863,-1.1812777649767945,0.01354379698242203
Caprariello and Reis (2013),Moderate,Not Significant,-0.2806097765592771,-0.5113541641850767,-0.0498653889334775,-0.1330636200805389,-0.6228040188444044,0.35667677868332665
Caprariello and Reis (2013),Democrat,Not Significant,-0.07611515656226017,-0.2096629481235769,0.05743263499905651,-0.487145965028084,-0.909982892947948,-0.06430903710822006
Caprariello and Reis (2013),Independent,Not Significant,-0.239420530297865,-0.5644513563021677,0.08561029570643772,4.418875555865573e-4,-0.8727040350697775,0.8735878101809507
Caprariello and Reis (2013),Republican,Not Significant,-0.18899229716112237,-0.4027016317874792,0.02471703746523448,0.05273474825077597,-0.3626825403016674,0.4681520368032193
Caprariello and Reis (2013),Nonwhite,Not Significant,-0.06405403489226644,-0.29515321926734134,0.16704514948280846,-0.1272793230657273,-0.7308471277122583,0.4762884815808037
Caprariello and Reis (2013),White,Not Significant,-0.1466632863082257,-0.2670625248993101,-0.02626404771714131,-0.28905964809572476,-0.6063722568608991,0.02825296066944965
Epley et al. (2009),Age: 18 - 39,Not Significant,0.09975762669364346,-0.03092529125195084,0.23044054463923777,0.23585950241814496,-0.08984876384044677,0.5615677686767366
Epley et al. (2009),Age: 40 - 59,Not Significant,-0.15348932891841643,-0.47236792136118255,0.16538926352434968,0.29553657448465387,-0.04302555746659409,0.6340987064359018
Epley et al. (2009),Age: More than 60,Not Significant,0.17550747887915982,-0.500019370760755,0.8510343285190747,0.3543462145973579,-0.13629222977764038,0.8449846589723562
Epley et al. (2009),College,Not Significant,0.19180460191793863,-0.01603948366915164,0.39964868750502897,0.07434129282272738,-0.46875107732841137,0.6174336629738661
Epley et al. (2009),Graduate School,Not Significant,0.21020536860600117,-0.18260135970434668,0.603012096916349,0.6567584632958152,0.00128433925586068,1.3122325873357696
Epley et al. (2009),Less than College,Significant,-0.03751151588308291,-0.1999466947357887,0.12492366296962289,0.28868986997773466,0.04255829903772312,0.5348214409177462
Epley et al. (2009),Men,Significant,0.11620334826080808,-0.03722390868434694,0.2696306052059631,0.45301707517542783,0.16360165129950627,0.7424324990513493
Epley et al. (2009),Women,Not Significant,0.01911310682333411,-0.16938401439430545,0.20761022804097368,0.12864420921059058,-0.1745540580426854,0.4318424764638666
Epley et al. (2009),Nonwhite,Not Significant,0.1280553220351988,-0.12651828218618463,0.3826289262565822,0.3946906779141915,-0.01249895178062204,0.8018803076090051
Epley et al. (2009),White,Not Significant,0.05216730679444931,-0.08449502956375313,0.18882964315265177,0.23339395824729567,-0.01213726641762411,0.4789251829122154
Peffley and Hurwitz (2007),Age: 18 - 39,Not Significant,-0.1109325081804104,-0.2165807408799882,-0.0052842754808326,-0.3841359688223386,-0.6561523358122102,-0.11211960183246694
Peffley and Hurwitz (2007),Age: 40 - 59,Significant,-0.04824605890056421,-0.2667928661362927,0.17030074833516426,-0.4397728055682907,-0.7524650205937333,-0.1270805905428481
Peffley and Hurwitz (2007),Age: More than 60,Not Significant,-0.12802321171953637,-0.5888555006733487,0.332809077234276,-0.3318550874521678,-0.6400825531574075,-0.02362762174692817
Peffley and Hurwitz (2007),College,Not Significant,-0.09538631635428987,-0.23388597187807375,0.04311333916949403,-0.4043779297266203,-0.76454642065767,-0.0442094387955706
Peffley and Hurwitz (2007),Graduate School,Not Significant,0.04290785734763906,-0.21373847360325912,0.29955418829853725,0.1584458422030774,-0.39582102369194766,0.7127127080981024
Peffley and Hurwitz (2007),Less than College,Significant,-0.16991586469241585,-0.31517949839295856,-0.02465223099187311,-0.4817787669955376,-0.6971710512124825,-0.26638648277859284
Peffley and Hurwitz (2007),Men,Not Significant,-0.16447816610083782,-0.28804259832134665,-0.04091373388032898,-0.4840215592170984,-0.783679319614293,-0.18436379881990367
Peffley and Hurwitz (2007),Women,Significant,-0.01651057971831219,-0.15864534982559533,0.12562419038897096,-0.3599680956732901,-0.5857562711025888,-0.13417992024399145
Peffley and Hurwitz (2007),Conservative,Not Significant,-0.14211595253216558,-0.35046685660398896,0.0662349515396578,-0.33842086303217606,-0.7177501863586018,0.0409084602942496
Peffley and Hurwitz (2007),Liberal,Not Significant,-0.11885824489161576,-0.2561907514209999,0.01847426163776834,-0.3340131347660337,-0.6292717031094894,-0.03875456642257807
Peffley and Hurwitz (2007),Moderate,Significant,-0.03939706222904492,-0.18085076619098836,0.1020566417328985,-0.47844035072670255,-0.739695400989859,-0.21718530046354612
Peffley and Hurwitz (2007),Nonwhite,Not Significant,-0.14765035815456562,-0.29793515281144006,0.00263443650230882,-0.3675049395046817,-0.6596122577831018,-0.07539762122626154
Peffley and Hurwitz (2007),White,Significant,-0.08248180287535886,-0.20005329503961308,0.03508968928889536,-0.31247765695407,-0.4737972325746287,-0.15115808133351125
Denny (2012),Age: 18 - 39,Not Significant,0.08849631979658744,-0.1447135091032165,0.3217061486963914,0.5104685379976002,-0.01581174416807884,1.0367488201632793
Denny (2012),Age: 40 - 59,Not Significant,0.1799226886221829,-0.3554734718686053,0.7153188491129712,0.3500454900242117,-0.03559624110776877,0.7356872211561922
Denny (2012),Age: More than 60,Not Significant,-0.5623630081586353,-1.9607677811009916,0.836041764783721,-0.4033440613470916,-1.258929127671208,0.4522410049770249
Denny (2012),College,Not Significant,0.13198315497600668,-0.19174021156150545,0.4557065215135187,0.7493791447636877,0.1318737299668293,1.366884559560546
Denny (2012),Graduate School,Not Significant,-0.27387808838894595,-1.07095411347937,0.5231979367014781,0.11766034183941625,-0.5324229194380896,0.767743603116922
Denny (2012),Less than College,Not Significant,0.13123325068636968,-0.16076860001675333,0.4232351013894927,0.25725928458865843,-0.1236268458414061,0.6381454150187229
Denny (2012),Men,Not Significant,-0.1116094268543918,-0.3952961562221622,0.1720773025133786,0.2367272089176448,-0.22294921021169817,0.6964036280469877
Denny (2012),Women,Not Significant,0.26740759190091984,-0.03673534725672489,0.5715505310585646,0.49118326117193606,0.11249496370885116,0.869871558635021
Denny (2012),Conservative,Not Significant,0.070295376019829,-0.3530938417377737,0.4936845937774317,0.3386064396235634,-0.1329856363540486,0.8101985156011754
Denny (2012),Liberal,Significant,0.14456143622545656,-0.14087634567057153,0.4299992181214846,0.7941614103702951,0.21595231592873443,1.3723705048118555
Denny (2012),Moderate,Not Significant,-0.12517112117079304,-0.5825260852800009,0.33218384293841485,-0.03629244918746634,-0.5134898184136584,0.4409049200387257
Denny (2012),Democrat,Not Significant,0.07839249563473215,-0.1892862076235165,0.3460711988929808,0.5378166177284006,0.13313345318763964,0.9424997822691616
Denny (2012),Independent,Not Significant,-0.2008439314852269,-0.8250478561766481,0.4233599932061944,-0.4496736963118179,-1.7695320512783783,0.8701846586547426
Denny (2012),Republican,Not Significant,0.17321062008638372,-0.232123153853793,0.5785443940265604,0.12667739891199908,-0.3257499066491035,0.5791047044731017
Denny (2012),Nonwhite,Not Significant,0.30945971985959075,-0.16938406245265825,0.7883035021718398,1.0415192385510244,0.46601607325186434,1.6170224038501844
Denny (2012),White,Not Significant,0.00558584942727954,-0.22752255438495383,0.23869425323951296,0.04239171996297853,-0.2615437889071974,0.3463272288331545
Nicholson (2012),Age: 18 - 39,Not Significant,0.12000748797090266,-0.02144178640971675,0.26145676235152204,0.28219831570092097,-0.10943828888270946,0.6738349202845514
Nicholson (2012),Age: 40 - 59,Not Significant,0.06828621017661457,-0.20640885456956048,0.3429812749227896,0.09280820892723676,-0.14408881581173605,0.3297052336662095
Nicholson (2012),Age: More than 60,Not Significant,0.04919196183339039,-0.5207343427312685,0.6191182663980492,0.3912850203199536,0.1700391949185611,0.6125308457213461
Nicholson (2012),College,Not Significant,0.0791627433507843,-0.105132451805428,0.2634579385069966,0.32720518441975366,-0.00500291181491918,0.6594132806544265
Nicholson (2012),Graduate School,Not Significant,0.07582810286112163,-0.20724037163411396,0.3588965773563572,0.2451024765518316,-0.22258227078877096,0.7127872238924342
Nicholson (2012),Less than College,Not Significant,0.1428860219105152,-0.04891458353799677,0.33468662735902716,0.18689853331736947,-0.02217121066408681,0.3959682772988258
Nicholson (2012),Men,Not Significant,0.12176269913065438,-0.03578664474595064,0.2793120430072594,0.1058589703844398,-0.12691205308715017,0.33862999385602977
Nicholson (2012),Women,Not Significant,0.07933164928316488,-0.11556000239811016,0.2742233009644399,0.35863027173119333,0.11727809795409588,0.5999824455082907
Nicholson (2012),Democrat,Not Significant,0.05470926157369278,-0.08325367466708215,0.1926721978144677,0.18635348597161533,-0.0565993425568691,0.42930631450009976
Nicholson (2012),Republican,Not Significant,0.22188535365414516,-0.02988752158695537,0.47365822889524567,0.27834730177045436,0.05043679377304855,0.5062578097678602
Nicholson (2012),Nonwhite,Not Significant,0.06910241545205452,-0.1588279874301392,0.29703281833424827,0.2833850562209419,-0.09522261478789662,0.6619927272297804
Nicholson (2012),White,Not Significant,0.123239539568055,-0.01974699634954231,0.2662260754856523,0.23186691869219647,0.0524041220465111,0.4113297153378819
Johnston and Ballard (2016),Age: 18 - 39,Not Significant,0.41891967197736546,0.382830254853008,0.4550090891017229,0.2973157684543272,0.12810295841068492,0.4665285784979695
Johnston and Ballard (2016),Age: 40 - 59,Significant,0.37462850221371746,0.3062206660479816,0.4430363383794534,0.21805393139728624,0.0805678729175382,0.3555399898770343
Johnston and Ballard (2016),Age: More than 60,Not Significant,0.28574121194986324,0.1148243080267142,0.4566581158730123,0.2297116381696199,0.06094803865683132,0.3984752376824085
Johnston and Ballard (2016),College,Not Significant,0.3891883188919684,0.3383131797669251,0.4400634580170116,0.2921944368951288,0.0698329176239314,0.5145559561663262
Johnston and Ballard (2016),Graduate School,Significant,0.3975212842826157,0.30639650776688204,0.4886460607983493,0.0917741813675426,-0.19972730827108567,0.3832756710061709
Johnston and Ballard (2016),Less than College,Significant,0.413025328982728,0.36887564514982585,0.4571750128156302,0.26626570348053236,0.16180823389985527,0.37072317306120944
Johnston and Ballard (2016),Men,Not Significant,0.36628639442386535,0.32052403625279463,0.41204875259493606,0.2660068062842436,0.1308344490895262,0.401179163478961
Johnston and Ballard (2016),Women,Significant,0.4435275507991928,0.400651845535892,0.4864032560624935,0.23718677850347308,0.11177587421437776,0.3625976827925684
Johnston and Ballard (2016),Conservative,Significant,0.45772760695859055,0.3888666587220804,0.5265885551951007,0.22832454694521517,0.08313028739727388,0.3735188064931564
Johnston and Ballard (2016),Liberal,Not Significant,0.3855054722203097,0.3396199601517389,0.43139098428888045,0.3037493711917698,0.11526423442799091,0.4922345079555487
Johnston and Ballard (2016),Moderate,Significant,0.4007039931653267,0.3460289679073603,0.45537901842329304,0.22944814822711695,0.07876670969605279,0.3801295867581812
Johnston and Ballard (2016),Democrat,Significant,0.4116012600570622,0.37121612325119463,0.4519863968629298,0.23402298749713615,0.10233302399911834,0.365712950995154
Johnston and Ballard (2016),Independent,Not Significant,0.33681498481352773,0.2572228527621729,0.4164071168648826,0.13865694151873492,-0.2957228657216216,0.5730367487590915
Johnston and Ballard (2016),Republican,Not Significant,0.4247987368000042,0.3617281525330122,0.487869321066996,0.28349808541748067,0.1490955694251673,0.417900601409794
Johnston and Ballard (2016),Nonwhite,Not Significant,0.42216145416865647,0.3571652169888026,0.48715769134851034,0.2745337739584961,0.08741177780520012,0.461655770111792
Johnston and Ballard (2016),White,Significant,0.3985475416896722,0.3626447700282006,0.4344503133511438,0.23990060911043615,0.13730691706557435,0.34249430115529794
Flavin (2011),Age: 18 - 39,Not Significant,-0.3904407310095753,-0.5277035766176585,-0.2531778854014921,-0.6537597136309347,-0.955984827302637,-0.35153459995923236
Flavin (2011),Age: 40 - 59,Not Significant,-0.566337082693054,-0.8578948339504224,-0.27477933143568567,-0.7414903638885866,-1.0219447868990512,-0.46103594087812205
Flavin (2011),Age: More than 60,Not Significant,-0.6791046811482251,-1.6847802533007816,0.32657089100433145,-0.8448053103410208,-1.145746477343781,-0.5438641433382605
Flavin (2011),College,Not Significant,-0.4333525139013417,-0.6446129528401957,-0.2220920749624877,-0.3889876849867525,-0.7868989215209565,0.00892355154745144
Flavin (2011),Graduate School,Not Significant,-0.648998469133236,-1.0504830807194578,-0.2475138575470141,-0.38684427578663194,-0.8720894874252934,0.0984009358520294
Flavin (2011),Less than College,Significant,-0.3829974560383458,-0.5485881580345788,-0.2174067540421126,-0.8670806297112212,-1.0746347834430037,-0.6595264759794388
Flavin (2011),Men,Significant,-0.30975695905252937,-0.4966282901500802,-0.12288562795497854,-0.7509732811295893,-0.998530738396849,-0.5034158238623295
Flavin (2011),Women,Not Significant,-0.5604495838655642,-0.7208973136077266,-0.40000185412340183,-0.7219935602307609,-0.966460240464366,-0.4775268799971558
Flavin (2011),Conservative,Not Significant,-0.980839897604875,-1.28601889417379,-0.6756609010359601,-0.8664073951521096,-1.152487841025977,-0.5803269492782427
Flavin (2011),Liberal,Significant,-0.34496515101888575,-0.48768386400919905,-0.2022464380285724,-0.7130808764496519,-1.0393462632340915,-0.3868154896652124
Flavin (2011),Moderate,Not Significant,-0.23913756533389513,-0.4884438904667291,0.01016875979893885,-0.5880667963266918,-0.8833780464554672,-0.2927555461979164
Flavin (2011),Democrat,Significant,-0.3084417102406622,-0.4455598963222805,-0.1713235241590439,-0.6792484707551832,-0.9138005576485536,-0.4446963838618128
Flavin (2011),Independent,Not Significant,-0.4718308341733145,-0.7881057230592757,-0.15555594528735317,0.05287751705985179,-1.2697900080651348,1.3755450421848383
Flavin (2011),Republican,Not Significant,-0.6894568781532437,-0.97447019171162,-0.40444356459486736,-0.7798912226598012,-1.048410554779629,-0.5113718905399732
Flavin (2011),Nonwhite,Not Significant,-0.5397028117483839,-0.7772657397435963,-0.30213988375317147,-0.7076855132924149,-1.0415553164503943,-0.37381571013443554
Flavin (2011),White,Significant,-0.39333509872487,-0.537836247484465,-0.248833949965275,-0.7501165172773399,-0.9521862472989892,-0.5480467872556904
Hopkins and Mummolo (2017),Age: 18 - 39,Not Significant,-0.17919753708531935,-0.2684220121986274,-0.08997306197201133,-0.186997857574556,-0.33486661731149625,-0.03912909783761578
Hopkins and Mummolo (2017),Age: 40 - 59,Not Significant,-0.2454618965677096,-0.3918666258405448,-0.09905716729487445,-0.15835294390055246,-0.29969997370280566,-0.01700591409829929
Hopkins and Mummolo (2017),Age: More than 60,Not Significant,-0.3626336744237054,-0.6605976660581813,-0.06466968278922958,-0.1408420100169064,-0.3041823365790961,0.02249831654528325
Hopkins and Mummolo (2017),College,Significant,-0.26659372022273903,-0.38720279723413487,-0.1459846432113432,0.0119485099470559,-0.1896679040043635,0.2135649238984753
Hopkins and Mummolo (2017),Graduate School,Not Significant,-0.27306977469389193,-0.4661383727897308,-0.08000117659805306,-0.14186649306399032,-0.3911273653032719,0.10739437917529128
Hopkins and Mummolo (2017),Less than College,Not Significant,-0.1585033148515905,-0.2661318071123746,-0.05087482259080636,-0.20862382121793063,-0.31481125805475263,-0.1024363843811086
Hopkins and Mummolo (2017),Men,Not Significant,-0.22672670615258592,-0.3431365271516848,-0.11031688515348705,-0.19654745148374284,-0.3229046489569165,-0.07019025401056914
Hopkins and Mummolo (2017),Women,Not Significant,-0.2074659442423769,-0.3033057396293086,-0.1116261488554452,-0.12431047712639356,-0.24570012620975704,-0.00292082804303009
Hopkins and Mummolo (2017),Conservative,Not Significant,-0.25882882868049184,-0.445407258249082,-0.07225039911190168,-0.14327331722340014,-0.299984514652311,0.0134378802055107
Hopkins and Mummolo (2017),Liberal,Not Significant,-0.18240882798126923,-0.2711561492242107,-0.09366150673832772,-0.08696289226146063,-0.23575402905940868,0.0618282445364874
Hopkins and Mummolo (2017),Moderate,Not Significant,-0.21077827121595544,-0.34247622041398884,-0.079080322017922,-0.22130868901359196,-0.3551463748913787,-0.08747100313580522
Hopkins and Mummolo (2017),Democrat,Not Significant,-0.16432287983477922,-0.2461529791667395,-0.08249278050281895,-0.21245082840615648,-0.32042994101556105,-0.1044717157967519
Hopkins and Mummolo (2017),Independent,Not Significant,-0.3334627903870817,-0.555849296281763,-0.11107628449240035,-0.12993738832484047,-0.5715320886827588,0.31165731203307784
Hopkins and Mummolo (2017),Republican,Not Significant,-0.2035776712435395,-0.35615312238489366,-0.05100222010218536,-0.07794460469637586,-0.21568925813833784,0.05980004874558613
Hopkins and Mummolo (2017),Nonwhite,Not Significant,-0.2312960476993464,-0.3780242162056216,-0.08456787919307118,-0.15716861810135777,-0.3148043730266009,4.671368238853834e-4
Hopkins and Mummolo (2017),White,Not Significant,-0.21080370491194533,-0.2968453389325284,-0.12476207089136226,-0.164715092983376,-0.2673389674223753,-0.06209121854437668
Hiscox (2006),Age: 18 - 39,Not Significant,0.268649722934218,0.1945083149765417,0.34279113089189434,0.35742511729874143,0.17263887686060278,0.5422113577368801
Hiscox (2006),Age: 40 - 59,Not Significant,0.24753280842914668,0.12771951570148568,0.36734610115680766,0.1404821724953322,-0.04009528656158753,0.3210596315522519
Hiscox (2006),Age: More than 60,Not Significant,0.1876522088368703,-0.03787939318189626,0.4131838108556369,0.21301609138707495,-0.01319963182080374,0.4392318145949537
Hiscox (2006),College,Not Significant,0.22111890619707916,0.1203263021626598,0.3219115102314985,0.2689804738621389,0.05899886634579091,0.47896208137848695
Hiscox (2006),Graduate School,Not Significant,0.201532140994732,0.04807583431849033,0.3549884476709737,-0.02987465767997348,-0.3263135735493316,0.2665642581893846
Hiscox (2006),Less than College,Not Significant,0.2877111073201625,0.20010085861445404,0.3753213560258709,0.2545815761459007,0.11281168753932276,0.3963514647524786
Hiscox (2006),Men,Not Significant,0.21168287773232344,0.13068753217538345,0.2926782232892634,0.12869508442679353,-0.04076251618070306,0.29815268503429015
Hiscox (2006),Women,Not Significant,0.3039419096007888,0.21442164330309776,0.3934621758984798,0.29847217560151584,0.1508922704312098,0.4460520807718219
Hiscox (2006),Conservative,Not Significant,0.3168660193610596,0.17377731680677483,0.4599547219153444,0.1293399060869284,-0.09254639992148808,0.3512262120953449
Hiscox (2006),Liberal,Not Significant,0.21421016869790832,0.1298528188542707,0.29856751854154595,0.2059790880752314,-0.05664228663067178,0.4686004627811346
Hiscox (2006),Moderate,Not Significant,0.2775785195992181,0.16732274587542062,0.3878342933230155,0.2785185839605939,0.13001581193234546,0.4270213559888424
Hiscox (2006),Democrat,Not Significant,0.2240190485814968,0.14897709987526742,0.2990609972877262,0.16870782431050213,-0.00396179133826915,0.3413774399592734
Hiscox (2006),Independent,Not Significant,0.3318142651680421,0.16630876054965443,0.4973197697864297,0.3220134274756726,0.05544795086026044,0.5885789040910847
Hiscox (2006),Republican,Not Significant,0.29525066272573725,0.16587810024000635,0.4246232252114681,0.2652691848494375,0.08879817329179285,0.4417401964070822
Hiscox (2006),Nonwhite,Not Significant,0.2092349829456874,0.0955085835842222,0.3229613823071526,0.12575532365560008,-0.1054722239623038,0.3569828712735039
Hiscox (2006),White,Not Significant,0.27201998259713284,0.2006265937988425,0.34341337139542316,0.26456834948108277,0.13698416033772093,0.3921525386244446
Gash and Murakami (2009),Age: 18 - 39,Not Significant,-0.7147390474321148,-0.8331199706577311,-0.5963581242064985,-0.7281277232739354,-1.1608015186970886,-0.29545392785078217
Gash and Murakami (2009),Age: 40 - 59,Not Significant,-0.5041418613059826,-0.746574882608829,-0.26170884000313616,-0.5052635159561721,-0.8593441275482507,-0.15118290436409354
Gash and Murakami (2009),Age: More than 60,Not Significant,-0.6988230580618792,-1.2190000814551187,-0.1786460346686396,-0.922121551483052,-1.3267955230704238,-0.5174475798956799
Gash and Murakami (2009),College,Not Significant,-0.6184726470516055,-0.7881281416706325,-0.4488171524325786,-0.4111495081646633,-0.8530546437716438,0.03075562744231713
Gash and Murakami (2009),Graduate School,Not Significant,-0.42036482802955943,-0.7525380686808594,-0.08819158737825944,-0.09771118685713556,-0.8129869761124314,0.6175646023981604
Gash and Murakami (2009),Less than College,Not Significant,-0.7538333862398034,-0.8979645661893003,-0.6097022062903066,-0.8364441593677623,-1.1150141696985605,-0.5578741490369641
Gash and Murakami (2009),Men,Not Significant,-0.7236612785607555,-0.8685817834872659,-0.578740773634245,-0.6380909477333788,-0.9549125876117924,-0.3212693078549652
Gash and Murakami (2009),Women,Not Significant,-0.6283821614666452,-0.7775280748787408,-0.4792362480545496,-0.740283855794485,-1.0834716707577916,-0.39709604083117833
Gash and Murakami (2009),Conservative,Not Significant,-0.6428078749360342,-0.8564003007495032,-0.4292154491225651,-0.5724697162111967,-0.9666346482050818,-0.1783047842173116
Gash and Murakami (2009),Liberal,Not Significant,-0.7183077296211146,-0.8559415331407151,-0.580673926101514,-0.6151096496643603,-1.0838503198901943,-0.14636897943852611
Gash and Murakami (2009),Moderate,Not Significant,-0.6379000786711899,-0.8644923606703697,-0.4113077966720101,-0.8565660878115634,-1.2227232303516946,-0.49040894527143225
Gash and Murakami (2009),Democrat,Not Significant,-0.6520128392979343,-0.7810238113453586,-0.52300186725051,-0.8916203624391262,-1.184351820720655,-0.5988889041575975
Gash and Murakami (2009),Independent,Not Significant,-1.0335583694038428,-1.3476850739812678,-0.7194316648264178,-1.6166180360153444,-2.7074774207996404,-0.5257586512310484
Gash and Murakami (2009),Republican,Not Significant,-0.6065501646777772,-0.809149285585719,-0.40395104376983554,-0.383546843867509,-0.7738446830148304,0.00675099527981243
Gash and Murakami (2009),Nonwhite,Not Significant,-0.6261686514549775,-0.834126932163715,-0.4182103707462399,-0.8221342222718432,-1.3415695958703235,-0.30269884867336294
Gash and Murakami (2009),White,Not Significant,-0.6901971682920446,-0.8103160588049168,-0.5700782777791724,-0.6330747932883186,-0.8798350717779511,-0.3863145147986862
Brader (2005),Age: 18 - 39,Not Significant,0.34602340269755394,0.21808266016753275,0.47396414522757513,0.08939095004900814,-0.3651280064921861,0.5439099065902023
Brader (2005),Age: 40 - 59,Not Significant,0.2552414728034241,2.5818009848138646e-4,0.5102247655083667,0.7209436724882035,0.06493529872885961,1.3769520462475473
Brader (2005),Age: More than 60,Not Significant,0.4302677211481697,-0.2926375251165104,1.15317296741285,0.553574034665343,-0.0447517208565168,1.151899790187203
Brader (2005),College,Not Significant,0.3012982390820086,0.12368362896423872,0.4789128491997785,0.8333549479483336,0.07284964156903528,1.593860254327632
Brader (2005),Graduate School,Not Significant,0.5087145616083767,0.19734160489476105,0.8200875183219923,1.1088912883210245,0.0779395607768576,2.1398430158651913
Brader (2005),Less than College,Not Significant,0.2699719034655172,0.10146116336442491,0.4384826435666095,0.23313587786744405,-0.16802698172716224,0.6342987374620503
Brader (2005),Men,Not Significant,0.19463059354234835,0.02729824863707375,0.36196293844762295,0.3362020692989226,-0.15651204586573308,0.8289161844635783
Brader (2005),Women,Not Significant,0.4217117310086511,0.26424101089023544,0.5791824511270668,0.6084086759689133,0.10859700509381436,1.1082203468440124
Brader (2005),Democrat,Not Significant,0.3049025810357765,0.17148667246669397,0.43831848960485903,0.5506024952379184,-0.06631533958152458,1.1675203300573611
Brader (2005),Independent,Not Significant,0.4658408720861712,0.15996363638655575,0.7717181077857866,0.4584384186207677,-0.04666743626962327,0.9635442735111586
Brader (2005),Republican,Not Significant,0.2587351761763066,0.00959070149962945,0.5078796508529837,0.5548038965805725,-0.00340810627873733,1.1130158994398824
Brader (2005),White,Not Significant,0.30649739278647103,0.17228501358960738,0.4407097719833347,0.4715490691198896,0.12685998100053147,0.8162381572392479
"Jacobsen, Snyder and Saultz (2014)",Age: 18 - 39,Not Significant,0.46979311304823385,0.364144018732696,0.5754422073637717,0.42820685252129664,0.09350289372175564,0.7629108113208376
"Jacobsen, Snyder and Saultz (2014)",Age: 40 - 59,Not Significant,0.4607701935605323,0.19916126214127625,0.7223791249797884,0.47380583408119953,0.19042497479476897,0.7571866933676301
"Jacobsen, Snyder and Saultz (2014)",Age: More than 60,Not Significant,0.5539190795761268,-0.14371722970558976,1.2515553888578437,0.8690092771402068,0.4925125045239061,1.2455060497565076
"Jacobsen, Snyder and Saultz (2014)",College,Not Significant,0.4430371473371582,0.28021135523928364,0.6058629394350328,0.5142001917586029,0.14316698802183725,0.8852333954953685
"Jacobsen, Snyder and Saultz (2014)",Graduate School,Not Significant,0.4886941964495566,0.16500677257909965,0.8123816203200134,1.030383714644925,0.4977851551148144,1.562982274175036
"Jacobsen, Snyder and Saultz (2014)",Less than College,Not Significant,0.4663001973040158,0.32634268659110577,0.6062577080169258,0.48252558842448,0.2430432175488431,0.7220079593001169
"Jacobsen, Snyder and Saultz (2014)",Men,Not Significant,0.5016213218474246,0.3703958613472988,0.6328467823475503,0.4172616855415859,0.1442287876121206,0.6902945834710512
"Jacobsen, Snyder and Saultz (2014)",Women,Not Significant,0.4151641683882686,0.25854000210810674,0.5717883346684303,0.6767186978407811,0.4093779890909933,0.9440594065905688
"Jacobsen, Snyder and Saultz (2014)",Conservative,Not Significant,0.5061582170022478,0.24516528503393703,0.7671511489705587,0.6282759078595219,0.3291245509121177,0.9274272648069262
"Jacobsen, Snyder and Saultz (2014)",Liberal,Not Significant,0.5197470159787191,0.3949633205870169,0.6445307113704213,0.4258906413786306,0.06652197732887954,0.7852593054283816
"Jacobsen, Snyder and Saultz (2014)",Moderate,Not Significant,0.2693633080893496,0.0592577955260653,0.4794688206526339,0.5613120575149758,0.2274281580928978,0.8951959569370538
"Jacobsen, Snyder and Saultz (2014)",Democrat,Not Significant,0.4864232996505815,0.3714566091479533,0.6013899901532097,0.5699919055454833,0.29807442067271284,0.8419093904182537
"Jacobsen, Snyder and Saultz (2014)",Independent,Significant,0.24580624307105825,-0.09603467660088594,0.5876471627430024,1.588184578456058,0.2878291310347598,2.888540025877356
"Jacobsen, Snyder and Saultz (2014)",Republican,Not Significant,0.45767835250516214,0.21672090895526425,0.6986357960550601,0.4342296760818337,0.16766537920688523,0.7007939729567823
"Jacobsen, Snyder and Saultz (2014)",Nonwhite,Not Significant,0.4316386355633188,0.21473294895909964,0.6485443221675379,0.6764655434473362,0.27152435302187417,1.0814067338727984
"Jacobsen, Snyder and Saultz (2014)",White,Not Significant,0.4626205519473551,0.3472492753095757,0.5779918285851344,0.4927997285416801,0.28090062803498883,0.7046988290483713
Murtagh et al. (2012),Age: 18 - 39,Not Significant,-0.3924351217682652,-0.6010293554444391,-0.18384088809209137,-0.36266023501556555,-0.8339956912068991,0.10867522117576806
Murtagh et al. (2012),Age: 40 - 59,Not Significant,-0.4249575852815163,-0.8624878815894477,0.01257271102641505,-0.3988725090879348,-0.8850024220984458,0.08725740392257625
Murtagh et al. (2012),Age: More than 60,Not Significant,-1.548059774954094,-4.751676591000627,1.6555570410924394,-0.6489659296699636,-1.258332233825715,-0.03959962551421214
Murtagh et al. (2012),College,Not Significant,-0.21631138269560624,-0.5292133092643613,0.09659054387314878,-0.6064167079911003,-1.2505823536704286,0.03774893768822807
Murtagh et al. (2012),Graduate School,Not Significant,-0.8944345366401434,-1.514829833207898,-0.2740392400723889,-0.7798605906968785,-1.9010446504907343,0.3413234690969773
Murtagh et al. (2012),Less than College,Not Significant,-0.48659488943001505,-0.734421497526702,-0.23876828133332803,-0.3390047561453873,-0.6904427491715193,0.01243323688074476
Murtagh et al. (2012),Men,Not Significant,-0.46753381126743226,-0.7286596170287056,-0.20640800550615884,-0.500712550069853,-0.8765022946148779,-0.1249228055248281
Murtagh et al. (2012),Women,Not Significant,-0.34396392704145007,-0.613543117676161,-0.0743847364067392,-0.36525165202852616,-0.81387154079129,0.08336823673423766
Murtagh et al. (2012),Nonwhite,Not Significant,-0.06435213516708936,-0.4454094713144546,0.3167052009802758,-0.22327888069994897,-0.7189148351444858,0.27235707374458795
Murtagh et al. (2012),White,Not Significant,-0.5124113940407486,-0.7262893645376705,-0.2985334235438269,-0.5268384936126299,-0.8930559019427676,-0.1606210852824922
"McGinty, Webster and Barry (2013)",Age: 18 - 39,Not Significant,0.00281645261844095,-0.08506773166936046,0.0907006369062424,0.0750281721132902,-0.08191471474147503,0.23197105896805545
"McGinty, Webster and Barry (2013)",Age: 40 - 59,Not Significant,0.05016286561511653,-0.12271361581806337,0.2230393470482964,0.14336163427597823,0.00585581944891747,0.28086744910303896
"McGinty, Webster and Barry (2013)",Age: More than 60,Not Significant,-0.06546599610188189,-0.4618028214269929,0.3308708292232292,0.12910053719098083,-0.02804964208277702,0.28625071646473865
"McGinty, Webster and Barry (2013)",College,Not Significant,0.00164428446427419,-0.11913334402421072,0.12242191295275912,-0.01221933884809825,-0.19992282423676805,0.17548414654057154
"McGinty, Webster and Barry (2013)",Graduate School,Not Significant,-0.04586772989480386,-0.24908151609126492,0.15734605630165718,0.02437113408293946,-0.21895421752895777,0.26769648569483673
"McGinty, Webster and Barry (2013)",Less than College,Not Significant,0.01308279463578714,-0.09963145284335162,0.1257970421149259,0.15929513566256828,0.05270418770770231,0.26588608361743427
"McGinty, Webster and Barry (2013)",Men,Not Significant,-0.04371782129663352,-0.16197862052417256,0.0745429779309055,0.08730355985939343,-0.03774653736443652,0.2123536570832234
"McGinty, Webster and Barry (2013)",Women,Not Significant,0.04130305839436839,-0.05544233222730411,0.1380484490160409,0.14250882740035486,0.02128379488836881,0.2637338599123409
"McGinty, Webster and Barry (2013)",Conservative,Not Significant,0.02507095421469623,-0.15119809691595973,0.2013400053453522,0.0648870825145048,-0.07980011782648937,0.20957428285549895
"McGinty, Webster and Barry (2013)",Liberal,Not Significant,-0.05321704789102229,-0.14507124017907969,0.03863714439703511,-0.0321587217279245,-0.19937677741136947,0.13505933395552047
"McGinty, Webster and Barry (2013)",Moderate,Not Significant,0.07776763566268557,-0.06064679921912475,0.2161820705444959,0.2682064417357629,0.12561331722510005,0.4107995662464258
"McGinty, Webster and Barry (2013)",Democrat,Not Significant,-0.01049643646947843,-0.09405847440947426,0.07306560147051741,0.0905531737070791,-0.02552409136450259,0.2066304387786608
"McGinty, Webster and Barry (2013)",Independent,Not Significant,0.08379505440173447,-0.1210146242055395,0.28860473300900846,0.07486071532868742,-0.31274515920834023,0.4624665898657151
"McGinty, Webster and Barry (2013)",Republican,Not Significant,0.02263472085006153,-0.13721080910789898,0.182480250808022,0.14438821480289457,0.01289691705634107,0.2758795125494481
"McGinty, Webster and Barry (2013)",Nonwhite,Not Significant,0.0930986765615374,-0.05895464307088396,0.24515199619395875,0.04441007672633711,-0.12745229310577252,0.21627244655844677
"McGinty, Webster and Barry (2013)",White,Significant,-0.01283039837662202,-0.10178605364743017,0.07612525689418612,0.14864794689175595,0.04897206621435435,0.24832382756915755
Parmer (2011),Age: 18 - 39,Not Significant,-0.03367502980624111,-0.1207645183864242,0.05341445877394196,0.18632363018515816,-0.14762786139524914,0.5202751217655655
Parmer (2011),Age: 40 - 59,Not Significant,-0.03563013664184057,-0.21604219549383633,0.1447819222101552,0.01742552938531313,-0.32981485675131916,0.3646659155219455
Parmer (2011),Age: More than 60,Not Significant,-0.31836080352475804,-0.7391699574904933,0.10244835044097717,-0.2775445110323321,-0.6507178921778627,0.0956288701131986
Parmer (2011),College,Not Significant,0.06354994645434048,-0.05742693714428319,0.18452683005296416,0.09738011709375403,-0.27019070940496964,0.46495094359247774
Parmer (2011),Graduate School,Not Significant,-0.14214962493210867,-0.3102051018719079,0.02590585200769057,0.24086466692883565,-0.11371867338523836,0.5954480072429097
Parmer (2011),Less than College,Not Significant,-0.0910042450095847,-0.20669747155599344,0.02468898153682403,-0.04423064210153216,-0.3035561815983826,0.21509489739531829
Parmer (2011),Men,Not Significant,-0.06288497956534723,-0.17200648746668112,0.04623652833598664,-0.10250144299858471,-0.329248214867101,0.12424532886993156
Parmer (2011),Women,Not Significant,-0.0276362580625375,-0.13723414720274138,0.08196163107766635,0.11921266418647714,-0.21007363233081897,0.4484989607037732
Parmer (2011),Conservative,Not Significant,-0.16172423443639192,-0.33795020354155064,0.0145017346687668,-0.16396243822625475,-0.4849486595078096,0.1570237830553001
Parmer (2011),Liberal,Not Significant,0.00953264233776455,-0.08425854851105521,0.10332383318658434,0.2924962451947029,-0.04400757843766639,0.6290000688270723
Parmer (2011),Moderate,Not Significant,-0.04196070333371921,-0.2237651263127779,0.13984371964533948,-0.03591956951494661,-0.4208699173508617,0.34903077832096846
Parmer (2011),Democrat,Not Significant,0.00879717610371321,-0.08012963182392183,0.09772398403134824,-0.00190576806610448,-0.24893276282682883,0.24512122669461983
Parmer (2011),Independent,Not Significant,-0.11576281664833794,-0.3871464835575309,0.15562085026085498,0.5044687893424333,-1.1250421999216067,2.1339797786064736
Parmer (2011),Republican,Not Significant,-0.1121936510475374,-0.2699431464290911,0.04555584433401631,-0.0082951461035028,-0.33498659960884747,0.3183963074018419
Parmer (2011),Nonwhite,Not Significant,0.05146775238953175,-0.1208285299782238,0.2237640347572873,0.19542607837074233,-0.18434483857719056,0.5751969953186753
Parmer (2011),White,Not Significant,-0.07266297057118969,-0.1590722695602614,0.01374632841788203,-0.07718139836113316,-0.3164995676585489,0.16213677093628256
Chong and Druckman (2010),Age: 18 - 39,Not Significant,0.5351681602469559,0.41476985639440167,0.6555664640995101,0.678471020654638,0.4390541720150553,0.9178878692942208
Chong and Druckman (2010),Age: 40 - 59,Not Significant,0.7388467670482356,0.4980463014458015,0.9796472326506698,0.8774118559956566,0.6935120325788233,1.06131167941249
Chong and Druckman (2010),Age: More than 60,Not Significant,1.1862849708285472,0.5690137575480085,1.803556184109086,0.8074139806670904,0.5937645290804381,1.0210634322537426
Chong and Druckman (2010),College,Not Significant,0.536769564937631,0.36493509833120485,0.708604031544057,0.8158150074190746,0.5822440447050061,1.0493859701331432
Chong and Druckman (2010),Graduate School,Not Significant,0.5295781794917971,0.2078150224412776,0.8513413365423166,0.8012410297963454,0.4714182346375851,1.1310638249551055
Chong and Druckman (2010),Less than College,Not Significant,0.681343029744925,0.5335474722771962,0.8291385872126538,0.8057604693891355,0.6492131966738021,0.9623077421044688
Chong and Druckman (2010),Men,Significant,0.4960925955011319,0.352575489195412,0.6396097018068518,0.7280069744728621,0.5507442078021643,0.90526974114356
Chong and Druckman (2010),Women,Not Significant,0.7384146523665231,0.581963592488691,0.8948657122443553,0.8783377401702865,0.7145068308529914,1.0421686494875817
Chong and Druckman (2010),Democrat,Not Significant,0.5555527613205463,0.41838997624267493,0.6927155463984177,0.7466667639412009,0.5632998199770858,0.930033707905316
Chong and Druckman (2010),Independent,Not Significant,0.6087872314807574,0.3708272935863349,0.8467471693751799,0.8916057296697819,0.6420097096934699,1.141201749646094
Chong and Druckman (2010),Republican,Not Significant,0.688331112117713,0.48005965398696127,0.8966025702484648,0.8095427961564782,0.6118335296758277,1.0072520626371286
Chong and Druckman (2010),Nonwhite,Significant,0.5160157408420333,0.33012316440202666,0.70190831728204,0.850037878440538,0.6191827101283954,1.0808930467526807
Chong and Druckman (2010),White,Not Significant,0.6427825374775162,0.5166294323168422,0.7689356426381903,0.7882172970059642,0.6461037257423354,0.930330868269593
Pedulla (2014),Age: 18 - 39,Not Significant,0.03736528654459933,-0.14318075580191084,0.2179113288911095,0.2036784160928903,-0.2051328828990437,0.6124897150848243
Pedulla (2014),Age: 40 - 59,Not Significant,-0.01387016790514758,-0.28985681032885147,0.26211647451855635,-0.13036175160146873,-0.6304000973417436,0.3696765941388061
Pedulla (2014),College,Not Significant,0.23940971635320793,0.01436032634458986,0.464459106361826,-0.09481600198929516,-0.7409728709241796,0.5513408669455893
Pedulla (2014),Graduate School,Not Significant,-0.06241575557316484,-0.6317919259974167,0.5069604148510871,0.2970414849086535,-0.34438224094700404,0.938465210764311
Pedulla (2014),Less than College,Not Significant,-0.08991631454467426,-0.2998176340377453,0.11998500494839676,0.09369398103157982,-0.23190667884368915,0.4192946409068488
Pedulla (2014),Men,Not Significant,-0.08058709447191614,-0.3132368564737593,0.15206266752992706,0.1059321910638583,-0.2977420570262443,0.5096064391539609
Pedulla (2014),Women,Not Significant,0.1337563754204036,-0.06155419186373273,0.32906694270453996,0.04908217288793434,-0.3145407161963383,0.4127050619722069
Pedulla (2014),Conservative,Not Significant,-0.06830006922989383,-0.3337314142505665,0.19713127579077885,-0.13495736120190188,-0.6474650274056126,0.3775503050018089
Pedulla (2014),Liberal,Not Significant,0.01092801107678304,-0.17903397806252458,0.20089000021609063,0.4481152067001546,-0.09066098358123233,0.9868913969815416
Pedulla (2014),Moderate,Not Significant,0.10692931768735948,-0.30948926505813346,0.5233479004328524,0.05892978789637863,-0.2991802720617013,0.4170398478544586
Pedulla (2014),Democrat,Not Significant,0.0269466716443247,-0.1488155751254169,0.20270891841406632,0.2621400194415901,-0.05965920620950404,0.5839392450926842
Pedulla (2014),Independent,Significant,0.03219860406552174,-0.44993109887343063,0.5143283070044741,-2.0166494125247647,-4.407975503742032,0.3746766786925022
Pedulla (2014),Republican,Not Significant,0.0122730924174874,-0.33683141162950003,0.36137759646447487,-0.09024256931037888,-0.5618738842293681,0.3813887456086104
Pedulla (2014),Nonwhite,Not Significant,0.301861913114264,-0.06361708452415243,0.6673409107526804,0.21417430400606416,-0.2171472711142728,0.6454958791264012
Pedulla (2014),White,Not Significant,-0.04016717946015424,-0.20520714147784497,0.12487278255753644,0.01123615591652627,-0.33287059381277373,0.35534290564582627
Piazza (2015),Age: 18 - 39,Not Significant,-0.10560693809368855,-0.2622472366355996,0.05103336044822249,0.2179283420069831,-0.17293400951401475,0.608790693527981
Piazza (2015),Age: 40 - 59,Not Significant,0.1419263175439865,-0.14333232688806152,0.4271849619760345,-0.2520582550904285,-0.6001428092170988,0.09602629903624176
Piazza (2015),Age: More than 60,Not Significant,0.4355431142398062,-0.4110597271503952,1.2821459556300074,0.06103595064064591,-0.3457920371217609,0.46786393840305274
Piazza (2015),College,Not Significant,-0.00709676991020472,-0.22888789967785772,0.21469435985744828,0.2226310249217354,-0.2547817370820905,0.7000437869255612
Piazza (2015),Graduate School,Not Significant,-0.1081458751978363,-0.5177201346818443,0.30142838428617175,-0.07831946800652034,-0.6785947390303703,0.5219558030173296
Piazza (2015),Less than College,Not Significant,-0.04393898845450605,-0.23298363552896223,0.14510565861995012,-0.02550870089092741,-0.29048234878993784,0.23946494700808305
Piazza (2015),Men,Not Significant,-0.11952034328028883,-0.31585159859134143,0.07681091203076373,-0.1569001626283086,-0.4928638095626373,0.1790634843060201
Piazza (2015),Women,Not Significant,0.06035655671541534,-0.12371222398765712,0.24442533741848785,0.17207926891179642,-0.11377576141981094,0.4579342992434038
Piazza (2015),Conservative,Not Significant,0.12467971573289036,-0.166899705055577,0.41625913652135776,-0.06501236933365949,-0.4575695424230952,0.32754480375577616
Piazza (2015),Liberal,Significant,-0.16207200844128244,-0.3323609894975833,0.00821697261501844,0.34339407392064997,-0.05050469246733863,0.7372928403086385
Piazza (2015),Moderate,Not Significant,0.1073774041383423,-0.18665806426789203,0.40141287254457664,-0.05911279917323343,-0.4047159028639175,0.28649030451745067
Piazza (2015),Democrat,Not Significant,-0.06772641237386388,-0.22797757213368636,0.0925247473859586,0.22816001655982365,-0.04124893452946274,0.4975689676491099
Piazza (2015),Independent,Not Significant,0.0990763830615222,-0.3459741721666727,0.5441269382897171,-0.2548132871459589,-1.7688145704883198,1.259187996196402
Piazza (2015),Republican,Not Significant,0.03654509258831825,-0.24230894789344065,0.31539913307007716,-0.230600049387936,-0.5824857512993882,0.12128565252351624
Piazza (2015),Nonwhite,Not Significant,-0.22211498982940217,-0.4870600840666828,0.0428301044078784,-0.037736790766809,-0.4596799811332158,0.3842063995995977
Piazza (2015),White,Not Significant,0.02596557612607764,-0.13094468953352664,0.18287584178568192,0.04173431472673034,-0.2212629614485088,0.3047315909019695
Levendusky and Malhotra (2015),Age: 18 - 39,Not Significant,0.33778795671760786,0.2094980460784386,0.46607786735677714,0.2009487174635875,-0.08874903759869068,0.4906464725258657
Levendusky and Malhotra (2015),Age: 40 - 59,Significant,0.4459299755732758,0.2700067626123311,0.6218531885342204,0.03801975061164329,-0.21403219861917488,0.29007169984246145
Levendusky and Malhotra (2015),Age: More than 60,Not Significant,0.12592556790074858,-0.200041845178716,0.45189298098021313,0.252154311405969,-0.02363516251608449,0.5279437853280224
Levendusky and Malhotra (2015),College,Not Significant,0.35652843869677736,0.1885048683684431,0.5245520090251117,0.14043284490636984,-0.16856948052447654,0.44943517033721625
Levendusky and Malhotra (2015),Graduate School,Not Significant,0.468464997352432,0.22108706515017784,0.7158429295546861,0.06922264804309851,-0.35488395604238465,0.4933292521285817
Levendusky and Malhotra (2015),Less than College,Not Significant,0.34512489010916925,0.2051665730931213,0.4850832071252172,0.17982316745840018,-0.01825754805037668,0.37790388296717703
Levendusky and Malhotra (2015),Men,Not Significant,0.2994482418327941,0.15719380692860638,0.4417026767369818,0.14416186218173344,-0.08686529032376195,0.3751890146872288
Levendusky and Malhotra (2015),Women,Not Significant,0.4202081245334728,0.28170841755782017,0.5587078315091254,0.17697144307658724,-0.04060052424441673,0.3945434103975912
Levendusky and Malhotra (2015),Conservative,Not Significant,0.13482930582536218,-0.09748365852513148,0.3671422701758558,-3.6925928239200234e-4,-0.25906885643189775,0.25833033786711374
Levendusky and Malhotra (2015),Liberal,Significant,0.47540289031258975,0.3433104308615277,0.6074953497636518,0.06845318805834091,-0.19793997404386543,0.3348463501605473
Levendusky and Malhotra (2015),Moderate,Not Significant,0.3368490559819189,0.15068994496243565,0.5230081670014022,0.4034722545820516,0.11157162790964452,0.6953728812544586
Levendusky and Malhotra (2015),Democrat,Not Significant,0.41195928023308903,0.29031809764535177,0.5336004628208263,0.18073311554640611,-0.04188418588664774,0.40335041697945995
Levendusky and Malhotra (2015),Independent,Not Significant,0.2215679305714295,-0.06100271151618455,0.5041385726590436,0.2026764073827161,-0.3392501706231821,0.7446029853886142
Levendusky and Malhotra (2015),Republican,Not Significant,0.3301843136637923,0.12240758187944636,0.5379610454481383,0.13628350561995844,-0.09007129525777113,0.362638306497688
Levendusky and Malhotra (2015),Nonwhite,Not Significant,0.39946164853750366,0.1835096905941015,0.6154136064809058,0.11198728222844374,-0.2193552765385388,0.4433298409954262
Levendusky and Malhotra (2015),White,Not Significant,0.3474021953905101,0.23663624385825088,0.4581681469227693,0.18484264909673953,0.01714655605643658,0.3525387421370425
Shafer (2017),Age: 18 - 39,Not Significant,-0.05309698132850841,-0.1799624891926095,0.07376852653559267,-0.25353104738113874,-0.4872508019141363,-0.0198112928481412
Shafer (2017),Age: 40 - 59,Not Significant,-0.01501871397912987,-0.2879363659937609,0.2578989380355012,-0.05852336831832842,-0.35123579331357485,0.23418905667691797
Shafer (2017),Age: More than 60,Not Significant,-0.34245968688674494,-1.0059576961497017,0.3210383223762118,-0.07696038588493911,-0.3728121298292294,0.21889135805935112
Shafer (2017),College,Not Significant,-0.05386402710375013,-0.23428051488115537,0.1265524606736551,-0.28023362483791203,-0.6245554216672022,0.06408817199137817
Shafer (2017),Graduate School,Not Significant,-0.06808299656701462,-0.4158619601003693,0.27969596696634,-0.36703003371546594,-0.9274886427003688,0.19342857526943705
Shafer (2017),Less than College,Not Significant,-0.04679808722601757,-0.20800667643476456,0.1144105019827294,-0.07331239865884255,-0.25931824508933266,0.11269344777164755
Shafer (2017),Men,Not Significant,-0.0072661567925424,-0.15576690671508098,0.1412345931299962,0.00681156283763536,-0.23397189292469572,0.2475950185999665
Shafer (2017),Women,Not Significant,-0.10140505154218953,-0.2751718779169486,0.07236177483256956,-0.2748902708995907,-0.47952992899929753,-0.07025061279988393
Shafer (2017),Conservative,Not Significant,-0.06481804035327714,-0.31473306097615594,0.18509698026960164,-0.15492495200517012,-0.3691932512377597,0.05934334722741949
Shafer (2017),Liberal,Not Significant,-0.08507949894745637,-0.23640372460377657,0.0662447267088638,-0.13520142267231053,-0.4651772293124906,0.1947743839678696
Shafer (2017),Moderate,Not Significant,0.03148800386870182,-0.2114533363507771,0.27442934408818076,-0.11546973887325132,-0.38848844690161466,0.15754896915511196
Shafer (2017),Democrat,Not Significant,-0.063649672550403,-0.20732894625899645,0.08002960115819045,-0.15720490952581806,-0.38494711398589027,0.07053729493425415
Shafer (2017),Independent,Not Significant,0.03146759518376289,-0.2969011042792744,0.3598362946468002,-0.6080524218864072,-1.4791717374570006,0.26306689368418623
Shafer (2017),Republican,Not Significant,-0.06700003379091196,-0.29173350764969774,0.15773344006787385,-0.07421548067080935,-0.287197510870129,0.1387665495285103
Shafer (2017),Nonwhite,Not Significant,-0.2567776951127894,-0.5055863516737605,-0.00796903855181827,-0.0718154922891317,-0.4237368311281838,0.2801058465499204
Shafer (2017),White,Not Significant,0.01380154096718816,-0.1141523735280192,0.1417554554623955,-0.17257334388426782,-0.337105219318269,-0.00804146845026665
Transue (2007),Age: 18 - 39,Not Significant,-0.07617265712206316,-0.29875776843761304,0.14641245419348675,0.19095597396398337,-0.1192006251718988,0.5011125730998656
Transue (2007),Age: 40 - 59,Not Significant,0.08135629570842513,-0.3050305337276853,0.46774312514453553,0.18778945048411905,-0.13830418525009247,0.5138830862183306
Transue (2007),Age: More than 60,Not Significant,-0.5025534524457965,-1.43879454354188,0.4336876386502869,0.15245643470655723,-0.3684238914571747,0.6733367608702892
Transue (2007),Democrat,Not Significant,0.08770321810955965,-0.13317307593738803,0.30857951215650736,0.1626629192511307,-0.12343894921553068,0.4487647877177921
Transue (2007),Independent,Significant,-0.21345675270550485,-0.6618212811835823,0.2349077757725726,0.6237035565480267,0.09491609826001436,1.152491014836039
Transue (2007),Republican,Not Significant,-0.1083729729489853,-0.477276110018616,0.2605301641206454,0.01556855302891434,-0.3317178300214906,0.3628549360793193
Transue (2007),White,Not Significant,-0.07517906033674246,-0.26206929327576367,0.11171117260227877,0.17575150746048895,-0.03053606244826864,0.3820390773692466
Craig and Richeson (2014),Age: 18 - 39,Significant,-0.2472935103746356,-0.4095488876250892,-0.08503813312418196,0.2288501116105256,-0.0892699047034462,0.5469701279244974
Craig and Richeson (2014),Age: 40 - 59,Not Significant,-0.12546351510201376,-0.43531021539300774,0.18438318518898025,-0.13958650354219904,-0.4486574971778032,0.1694844900934051
Craig and Richeson (2014),Age: More than 60,Not Significant,-0.34288129958553804,-1.2268244722372046,0.5410618730661284,-0.18160215872780325,-0.4787584129774922,0.1155540955218857
Craig and Richeson (2014),College,Not Significant,-0.07188573493945342,-0.28569430600296303,0.1419228361240562,-0.2008381243090723,-0.6819976567700914,0.2803214081519467
Craig and Richeson (2014),Graduate School,Not Significant,-0.4029387694508304,-0.8629509321469984,0.05707339324533761,0.03057895358716826,-0.5264185330063441,0.5875764401806806
Craig and Richeson (2014),Less than College,Significant,-0.29492183233646546,-0.5060693473573008,-0.08377431731563009,0.04059161139906435,-0.17640910889382794,0.25759233169195667
Craig and Richeson (2014),Men,Not Significant,-0.1242495067785976,-0.3268750337517573,0.07837602019456211,-8.395055187124489e-4,-0.28678143760699876,0.2851024265695739
Craig and Richeson (2014),Women,Not Significant,-0.30454696305818,-0.5061621506670996,-0.10293177544926048,-0.00498481195298879,-0.2488513031548229,0.23888167924884535
Craig and Richeson (2014),Conservative,Not Significant,0.08357248551572799,-0.22969883051489204,0.396843801546348,-0.19879702652024916,-0.5154245629691443,0.11783050992864597
Craig and Richeson (2014),Liberal,Not Significant,-0.25931553582041417,-0.4446810779512739,-0.07394999368955446,0.04891390030689827,-0.3022045747293679,0.4000323753431645
Craig and Richeson (2014),Moderate,Significant,-0.34974738926293736,-0.602915971627339,-0.09657880689853572,0.1215962826255306,-0.17553353702418592,0.4187261022752471
Craig and Richeson (2014),Democrat,Significant,-0.29355383799260665,-0.4577374453533841,-0.12937023063182915,0.13852246811194527,-0.1284892341259634,0.4055341703498539
Craig and Richeson (2014),Independent,Not Significant,-0.4002779621877328,-0.8467468455361766,0.04619092116071099,-8.726166926550003e-4,-1.182524361684254,1.1807791282989442
Craig and Richeson (2014),Republican,Not Significant,0.09855276110122876,-0.1768665862625155,0.373972108464973,-0.19024025375493936,-0.4557596765984221,0.07527916908854332
Craig and Richeson (2014),Nonwhite,Significant,-0.3574310348467074,-0.639698967721013,-0.07516310197240184,0.22917781575179305,-0.1451275820381383,0.6034832135417243
Craig and Richeson (2014),White,Not Significant,-0.187847981721724,-0.3511722805681814,-0.02452368287526657,-0.1282155022960884,-0.3344077246076119,0.0779767200154351
Thompson and Schlehofer (2014),Age: 18 - 39,Not Significant,-0.05469737667672128,-0.1789194939743104,0.06952474062086784,-0.02267324720998395,-0.4128117266775613,0.3674652322575934
Thompson and Schlehofer (2014),Age: 40 - 59,Not Significant,-9.085074654876914e-4,-0.2275486533569901,0.2257316384260147,-0.23202795909454343,-0.6211014993974656,0.15704558120837875
Thompson and Schlehofer (2014),Age: More than 60,Not Significant,-0.3344443107327091,-0.8144115339196155,0.14552291245419735,-0.06199044698472818,-0.50270718341407294,0.37872628944461656
Thompson and Schlehofer (2014),College,Not Significant,-0.1417264967595977,-0.3218131809422536,0.03836018742305819,-0.09542078477700122,-0.6048204853592299,0.4139789158052275
Thompson and Schlehofer (2014),Graduate School,Not Significant,-0.14344197245721024,-0.4168862116789522,0.1300022667645317,-0.24026138310246412,-0.8345393725259155,0.3540166063209872
Thompson and Schlehofer (2014),Less than College,Not Significant,0.03110046239975941,-0.1227001911734237,0.18490111597294256,-0.0688886928350627,-0.35442705822110465,0.2166496725509792
Thompson and Schlehofer (2014),Men,Not Significant,0.03042683183269232,-0.12445836616814944,0.1853120298335341,-0.06848326666220461,-0.4127141757500097,0.27574764242560046
Thompson and Schlehofer (2014),Women,Not Significant,-0.11396014409796068,-0.25959913441083643,0.03167884621491508,-0.14675683759099176,-0.4632456230702765,0.16973194788829302
Thompson and Schlehofer (2014),Conservative,Not Significant,-0.07948572322255319,-0.3109163299111571,0.15194488346605073,-0.07149707982389328,-0.40279102240356435,0.25979686275577774
Thompson and Schlehofer (2014),Liberal,Not Significant,-0.0363840766742344,-0.17717110482060633,0.10440295147213752,0.02843949211910946,-0.458629524104958,0.515508508343177
Thompson and Schlehofer (2014),Moderate,Not Significant,-0.0988020185400788,-0.32614011196438847,0.12853607488423086,-0.23546452987926453,-0.6387785855589967,0.16784952580046764
Thompson and Schlehofer (2014),Democrat,Not Significant,-0.0920601957103114,-0.22823413561285488,0.04411374419223211,-0.0764756528571883,-0.4112998622242357,0.258348556509859
Thompson and Schlehofer (2014),Independent,Not Significant,-0.10979246244264484,-0.3849725121731228,0.1653875872878331,-0.7128701326965781,-1.897218250574349,0.4714779851811928
Thompson and Schlehofer (2014),Republican,Not Significant,-0.03215952732788124,-0.2398398841324884,0.17552082947672593,-0.1214869634419635,-0.45968569487787625,0.21671176799394928
Thompson and Schlehofer (2014),Nonwhite,Not Significant,-0.14471749580249818,-0.3875809828763708,0.09814599127137438,-0.21131509466225032,-0.7096015454388198,0.2869713561143191
Thompson and Schlehofer (2014),White,Not Significant,-0.02221156578943366,-0.14168875175009538,0.09726562017122806,-0.0717872014426342,-0.3243794460199404,0.18080504313467197
Turaga (2010),Age: 18 - 39,Not Significant,0.31237600692579126,0.11655727736906749,0.508194736482515,0.11602653274080849,-0.28272120408358753,0.5147742695652044
Turaga (2010),Age: 40 - 59,Not Significant,0.19472644952343587,-0.20528168594177693,0.5947345849886487,0.00970737133893618,-0.3445468496448655,0.36396159232273784
Turaga (2010),Age: More than 60,Significant,-0.790093497833443,-1.719582756694397,0.13939576102751117,0.29992258958477874,-0.04874015722036246,0.6485853363899199
Turaga (2010),College,Not Significant,0.23492903370987991,-0.05925262234351258,0.5291106897632725,-0.00793270802245507,-0.5217254454232793,0.5058600293783692
Turaga (2010),Graduate School,Not Significant,0.27451371552946635,-0.23568894583373412,0.7847163768926668,0.5207608377736119,-0.19861813638934325,1.240139811936567
Turaga (2010),Less than College,Not Significant,0.25128410284390884,0.01364023411999137,0.4889279715678263,0.1119402594679236,-0.14404866154831522,0.36792918048416245
Turaga (2010),Men,Not Significant,0.29371300041655496,0.05537642997328773,0.5320495708598222,0.16267982896721675,-0.13435052187608237,0.4597101798105159
Turaga (2010),Women,Not Significant,0.2588804934464004,0.02157908773948433,0.49618189915331645,0.08436179783886838,-0.22615955236168483,0.3948831480394216
Turaga (2010),Conservative,Not Significant,0.04819357616651423,-0.32407243706311695,0.4204595893961454,-0.01641464971735883,-0.4154106064771186,0.3825813070424009
Turaga (2010),Liberal,Not Significant,0.3453569306176021,0.1165082838261878,0.5742055774090163,0.20557378063901743,-0.16933084482508087,0.5804784061031157
Turaga (2010),Moderate,Not Significant,0.20306947480729565,-0.1750795412746997,0.581218490889291,0.2413342336870068,-0.0779487825323738,0.5606172499063874
Turaga (2010),Democrat,Not Significant,0.29709178742581105,0.07773249561601872,0.5164510792356034,0.2503522486494172,-0.00718018155162181,0.5078846788504562
Turaga (2010),Independent,Not Significant,0.3092111118441638,-0.20175128384138824,0.8201735075297159,0.22938342059222025,-0.9014881496353156,1.360254990819756
Turaga (2010),Republican,Not Significant,0.07447460678954611,-0.25575490601298906,0.4047041195920813,0.0223705051268397,-0.36176789130773185,0.4065089015614112
Turaga (2010),Nonwhite,Not Significant,0.3480077252433557,-0.04458939160598796,0.7406048420926994,0.16275930146646497,-0.21906245065682284,0.5445810535897527
Turaga (2010),White,Not Significant,0.22076087365451855,0.0279817777565671,0.4135399695524701,0.10214963186356082,-0.1580804263719768,0.3623796900990984
Wallace (2011),Age: 18 - 39,Significant,-1.137535786380932,-1.3505626746817838,-0.9245088980800804,-0.4921819865437501,-0.8555299245867318,-0.1288340485007684
Wallace (2011),Age: 40 - 59,Not Significant,-1.0841052287306854,-1.4799426069089985,-0.6882678505523725,-0.7600978639647962,-1.061588367453746,-0.4586073604758464
Wallace (2011),Age: More than 60,Not Significant,-1.2055478204690375,-2.5561674643265544,0.14507182338847957,-0.688128460463164,-1.114264886255781,-0.26199203467054727
Wallace (2011),College,Significant,-1.1527958809564682,-1.4644871042123997,-0.8411046577005368,-0.5168940561027253,-0.9020249500948688,-0.13176316211058198
Wallace (2011),Graduate School,Not Significant,-1.2888257949093314,-1.848040579367407,-0.7296110104512558,-0.7492584667589277,-1.3048090924181293,-0.19370784109972616
Wallace (2011),Less than College,Significant,-1.0669791054725957,-1.3215100567094835,-0.8124481542357076,-0.6749265304786702,-0.9318553443825308,-0.4179977165748098
Wallace (2011),Men,Significant,-1.2917918953160974,-1.5627603547914002,-1.0208234358407946,-0.6487717301399135,-0.9163773165834402,-0.3811661436963868
Wallace (2011),Women,Not Significant,-0.9266110296817652,-1.1851173922904452,-0.6681046670730855,-0.627426460007162,-0.9394096321943408,-0.31544328781998315
Wallace (2011),Conservative,Significant,-1.1688728867742904,-1.547928458475162,-0.7898173150734187,-0.6276016505545888,-0.9865279576712598,-0.2686753434379179
Wallace (2011),Liberal,Significant,-1.0962345045849764,-1.3591854206513108,-0.8332835885186419,-0.4520273736042723,-0.8984286600807025,-0.00562608712784218
Wallace (2011),Moderate,Not Significant,-1.0997474136613163,-1.4783613083488014,-0.7211335189738313,-0.7399619792533557,-1.0489451049672105,-0.43097885353950094
Wallace (2011),Democrat,Significant,-1.1381293645451689,-1.3823278906224603,-0.8939308384678768,-0.44343218568899073,-0.7329090376363496,-0.15395533374163178
Wallace (2011),Independent,Significant,-1.1333462268656278,-1.7106091056986927,-0.5560833480325628,-0.3008707892218867,-0.850523667468604,0.24878208902483057
Wallace (2011),Republican,Not Significant,-1.057835750800383,-1.3944237796299332,-0.7212477219708329,-0.8959685219524037,-1.2038704980263726,-0.5880665458784349
Wallace (2011),Nonwhite,Significant,-0.8768792564743844,-1.250393922469173,-0.5033645904795958,0.13664217695547695,-0.22786523647471027,0.5011495903856642
Wallace (2011),White,Not Significant,-1.195808195899675,-1.411893584736449,-0.9797228070629004,-0.9945708392482178,-1.2219287295041352,-0.7672129489923003
