covariate_class,slope,slope_se,ci_low,ci_high,n_comparisons,slope_display,ci_display
Age: 18 - 39,0.8181014398432523,0.08493784287297615,0.5141867257720045,1.1220161539145002,27,0.82 (0.08),"[0.51, 1.12]"
Age: 40 - 59,0.8610526669020292,0.08419705915617835,0.5473719677045957,1.1747333660994626,27,0.86 (0.08),"[0.55, 1.17]"
Age: More than 60,0.9499852299047251,0.13416692440079298,0.6123224702198149,1.2876479895896353,26,0.95 (0.13),"[0.61, 1.29]"
Less than College,0.9318712905365879,0.06363388372072469,0.6132477099578293,1.2504948711153465,26,0.93 (0.06),"[0.61, 1.25]"
College,0.8744119886515315,0.10468827758782287,0.46342455182285375,1.2853994254802092,26,0.87 (0.10),"[0.46, 1.29]"
Graduate School,0.7172943027593437,0.12792048073254864,0.28347913367542354,1.151109471843264,26,0.72 (0.13),"[0.28, 1.15]"
Men,0.8710172242744645,0.07491309107649843,0.4933337001753293,1.2487007483735997,26,0.87 (0.07),"[0.49, 1.25]"
Women,0.9069329595632618,0.06778181049469663,0.6120114528294598,1.2018544662970638,26,0.91 (0.07),"[0.61, 1.20]"
Liberal,0.7132529452130993,0.10789781541894294,0.37402516615049713,1.0524807242757015,20,0.71 (0.11),"[0.37, 1.05]"
Moderate,1.008494917557362,0.11416118388128445,0.48752514977138206,1.529464685343342,20,1.01 (0.11),"[0.49, 1.53]"
Conservative,0.7537391948822371,0.09033895507358058,0.5217383663102326,0.9857400234542415,20,0.75 (0.09),"[0.52, 0.99]"
Democrat,0.8828141339779689,0.07197265534059365,0.5026735153618492,1.2629547525940885,24,0.88 (0.07),"[0.50, 1.26]"
Independent,0.9372820767639194,0.1609361347550877,0.19455083746655588,1.680013316061283,23,0.94 (0.16),"[0.19, 1.68]"
Republican,0.8551586100398939,0.08081738109757873,0.6281793222186648,1.082137897861123,24,0.86 (0.08),"[0.63, 1.08]"
Nonwhite,0.9530482913322406,0.10707891474646761,0.4451869729857968,1.4609096096786844,25,0.95 (0.11),"[0.45, 1.46]"
White,0.9199662990905745,0.05731659320631352,0.6608720576076114,1.1790605405735377,27,0.92 (0.06),"[0.66, 1.18]"
