study_label,original_n,mt_n,slope,slope_se,ci_low,ci_high,n_comparisons,f_p_value,slope_display,ci_display
Bergan (2012),1206,1913,0.7471280505741258,0.19733228985239765,0.3703996982482417,1.1238564029000098,16,0.09247733158161406,0.75 (0.20),"[0.37, 1.12]"
Brader (2005),280,1709,3.5597649004148137,1.6763404563764384,-30.744016710834757,37.86354651166438,12,0.688401986054093,3.56 (1.68),"[-30.74, 37.86]"
Brandt (2013),1225,3131,4.493207119865772,1.9587351268325657,-6.246098825397787,15.232513065129332,13,0.20076878911610133,4.49 (1.96),"[-6.25, 15.23]"
Caprariello and Reis (2013),825,2729,-4.379764756304354,2.0027332997422826,-7.8285029645657,-0.9310265480430084,16,0.625175598903961,-4.38 (2.00),"[-7.83, -0.93]"
Chong and Druckman (2010),958,1400,0.17006741327116193,0.1838191725597012,-0.5835446258804948,0.9236794524228187,13,0.6146421804908186,0.17 (0.18),"[-0.58, 0.92]"
Craig and Richeson (2014),608,847,-0.9496920678577282,0.3625506445661122,-1.5571184163163383,-0.3422657193991181,16,0.24299747743208,-0.95 (0.36),"[-1.56, -0.34]"
Denny (2012),1733,1913,2.829097610126681,1.0412025397558065,1.1900017462769916,4.4681934739763705,16,0.5870468017026571,2.83 (1.04),"[1.19, 4.47]"
Epley et al. (2009),1019,1913,0.6814542341063035,0.6429586440246314,-2.5196970108282475,3.882605479040855,10,0.1368521068944113,0.68 (0.64),"[-2.52, 3.88]"
Flavin (2011),2015,2729,0.23230168072872154,0.2015184248763956,-0.15466720646380377,0.6192705679212469,16,0.05672915632863007,0.23 (0.20),"[-0.15, 0.62]"
Gash and Murakami (2009),1022,3131,2.7761840793259718,1.0053097762272303,1.5925567586182199,3.9598114000337237,16,0.7329393064379561,2.78 (1.01),"[1.59, 3.96]"
Hiscox (2006),1610,2972,2.5034926888194824,1.0678113365894335,0.9397111258795063,4.067274251759459,16,0.9597449337376668,2.50 (1.07),"[0.94, 4.07]"
Hopkins and Mummolo (2017),3266,2972,-1.8444161935046541,0.8532883994346203,-4.06060645120856,0.37177406419925174,16,0.2735560516283339,-1.84 (0.85),"[-4.06, 0.37]"
"Jacobsen, Snyder and Saultz (2014)",1111,3171,-4.729146487234732,1.9865117380224369,-8.322433891281172,-1.1358590831882909,16,0.09424929571755634,-4.73 (1.99),"[-8.32, -1.14]"
Johnston and Ballard (2016),2045,2985,0.1344259914382001,0.527264164429115,-0.2610085445466529,0.5298605274230531,16,0.05689136060609019,0.13 (0.53),"[-0.26, 0.53]"
Levendusky and Malhotra (2015),1053,1987,-0.15615347787112044,0.3529976906611282,-1.5002346298789615,1.1879276741367206,16,0.01157082932631734,-0.16 (0.35),"[-1.50, 1.19]"
"McGinty, Webster and Barry (2013)",2935,2985,2.528764687260255,1.1018747018428097,1.0873729580246365,3.9701564164958736,16,0.7151786201189774,2.53 (1.10),"[1.09, 3.97]"
Murtagh et al. (2012),2112,3131,0.3386785866617526,0.33891893294936026,-0.20226531627549243,0.8796224895989977,10,0.979110093970916,0.34 (0.34),"[-0.20, 0.88]"
Nicholson (2012),781,1099,-23.054886603953616,16.207721927520033,-396.68716320743476,350.57738999952755,12,0.9434271826322304,-23.05 (16.21),"[-396.69, 350.58]"
Parmer (2011),521,3277,1.710900646696737,0.7521117359532015,-0.11779883129649393,3.5396001246899678,16,0.6089687147630389,1.71 (0.75),"[-0.12, 3.54]"
Pedulla (2014),1407,1913,-57.93413985270615,17.896563950232053,-363.42241375937687,247.55413405396456,15,0.7273772701012684,-57.93 (17.90),"[-363.42, 247.55]"
Peffley and Hurwitz (2007),905,1285,2.2255066669075307,1.1682235551898406,-1.0848625526076647,5.535875886422726,13,0.18913974616776064,2.23 (1.17),"[-1.08, 5.54]"
Piazza (2015),1135,3171,-2.1534129468694334,0.7382139981542446,-3.833282175014345,-0.47354371872452217,16,0.8139410417960209,-2.15 (0.74),"[-3.83, -0.47]"
Shafer (2017),2592,2729,-24.132186512571888,9.748411231447509,-162.31098619832207,114.0466131731783,16,0.4916627455264646,-24.13 (9.75),"[-162.31, 114.05]"
Thompson and Schlehofer (2014),591,3277,0.23972139993294916,0.5997023685281195,-1.0757443809404679,1.5551871808063664,16,0.68109698433816,0.24 (0.60),"[-1.08, 1.56]"
Transue (2007),345,367,-1.6749769039179185,1.0156269818177501,-7.522458952113063,4.172505144277227,7,0.2893870075379825,-1.67 (1.02),"[-7.52, 4.17]"
Turaga (2010),774,3277,1.439284298296728,0.5376241250087559,-0.8597542674811658,3.7383228640746218,16,0.7327757358401179,1.44 (0.54),"[-0.86, 3.74]"
Wallace (2011),2929,2729,4.736677620792691,1.8635544590281239,-7.960359436060002,17.433714677645384,16,0.00181590989802283,4.74 (1.86),"[-7.96, 17.43]"
