study,study_label,n_comparisons,correlation
system_threat,Craig and Richeson (2014),16,-0.6325729284641034
jacobsenS7,"Jacobsen, Snyder and Saultz (2014)",16,-0.4883002989695315
caprarielloS2,Caprariello and Reis (2013),16,-0.3585239326890058
frame_breadth,Hopkins and Mummolo (2017),16,-0.3154423887040704
shaferS9,Shafer (2017),16,-0.2851723461893345
piazzaS8,Piazza (2015),16,-0.24196891963186848
polarization,Levendusky and Malhotra (2015),16,-0.19400505458560785
superordinate_id,Transue (2007),7,-0.15611956379603978
elite_endorsements,Nicholson (2012),12,-0.12534043065005024
turagaS11,Turaga (2010),16,-0.11215377836899966
pedullaS18,Pedulla (2014),15,0.010594338356772067
thompsonS10,Thompson and Schlehofer (2014),16,0.13147469350314533
flavinS4,Flavin (2011),16,0.1789261589148544
expert_economists,Johnston and Ballard (2016),16,0.2421339298521161
patriot_act,Chong and Druckman (2010),13,0.26640679257772226
converseS16,Epley et al. (2009),10,0.293477602545055
brandtS1,Brandt (2013),13,0.30288313350921986
berganS20,Bergan (2012),16,0.3340351621100869
mental_illness,"McGinty, Webster and Barry (2013)",16,0.3559388090743238
immigration,Brader (2005),12,0.4016326928874957
parmerS15,Parmer (2011),16,0.41908837798907367
wallaceS12,Wallace (2011),16,0.48172122242402665
free_trade,Hiscox (2006),16,0.5431234941607955
death_penalty,Peffley and Hurwitz (2007),13,0.6217746344846817
melloS6,Murtagh et al. (2012),10,0.6519578369763981
dennyS17,Denny (2012),16,0.7866630509254967
gashS5,Gash and Murakami (2009),16,0.8683963636639616
all,All comparisons pooled,393,0.7221974781662296
