paper_id,claim_id,table_figure,claim,value_script,value_paper,digits,match,value_rewrite,match_rewrite,holds,defect_locus,notes
coppock_leeper_mullinix_2018,table_1_bergan_2012_original_n,Table 1,"Bergan (2012), original sample size",1206,1206,0,1,1206,1,NA,NA,
coppock_leeper_mullinix_2018,table_1_bergan_2012_mt_n,Table 1,"Bergan (2012), MTurk sample size",1913,1913,0,1,1913,1,NA,NA,
coppock_leeper_mullinix_2018,table_1_bergan_2012_slope,Table 1,"Bergan (2012), Deming slope",0.75,0.75,2,1,0.7471280505741046,1,NA,NA,
coppock_leeper_mullinix_2018,table_1_bergan_2012_slope_se,Table 1,"Bergan (2012), Deming slope SE",0.2,0.20,2,1,0.19733228985239604,1,NA,NA,
coppock_leeper_mullinix_2018,table_1_bergan_2012_ci_low,Table 1,"Bergan (2012), 95% CI lower limit",0.37,0.37,2,1,0.37039969824905294,1,NA,NA,
coppock_leeper_mullinix_2018,table_1_bergan_2012_ci_high,Table 1,"Bergan (2012), 95% CI upper limit",1.12,1.12,2,1,1.1238564028991562,1,NA,NA,
coppock_leeper_mullinix_2018,table_1_bergan_2012_n_comparisons,Table 1,"Bergan (2012), number of comparisons",16,16,0,1,16,1,NA,NA,
coppock_leeper_mullinix_2018,table_1_bergan_2012_f_p_value,Table 1,"Bergan (2012), joint F test p-value",0.09,0.09,2,1,0.09247733158162176,1,NA,NA,
coppock_leeper_mullinix_2018,table_1_brader_2005_original_n,Table 1,"Brader (2005), original sample size",280,280,0,1,280,1,NA,NA,
coppock_leeper_mullinix_2018,table_1_brader_2005_mt_n,Table 1,"Brader (2005), MTurk sample size",1709,1709,0,1,1709,1,NA,NA,
coppock_leeper_mullinix_2018,table_1_brader_2005_slope,Table 1,"Brader (2005), Deming slope",3.56,3.56,2,1,3.559764900419751,1,NA,NA,
coppock_leeper_mullinix_2018,table_1_brader_2005_slope_se,Table 1,"Brader (2005), Deming slope SE",1.68,1.68,2,1,1.6763404563779205,1,NA,NA,
coppock_leeper_mullinix_2018,table_1_brader_2005_ci_low,Table 1,"Brader (2005), 95% CI lower limit",-30.74,-30.74,2,1,-30.744016691168184,1,NA,NA,
coppock_leeper_mullinix_2018,table_1_brader_2005_ci_high,Table 1,"Brader (2005), 95% CI upper limit",37.86,37.86,2,1,37.863546492007686,1,NA,NA,
coppock_leeper_mullinix_2018,table_1_brader_2005_n_comparisons,Table 1,"Brader (2005), number of comparisons",12,12,0,1,12,1,NA,NA,
coppock_leeper_mullinix_2018,table_1_brader_2005_f_p_value,Table 1,"Brader (2005), joint F test p-value",0.69,0.69,2,1,0.6884019860540865,1,NA,NA,
coppock_leeper_mullinix_2018,table_1_brandt_2013_original_n,Table 1,"Brandt (2013), original sample size",1225,1225,0,1,1225,1,NA,NA,
coppock_leeper_mullinix_2018,table_1_brandt_2013_mt_n,Table 1,"Brandt (2013), MTurk sample size",3131,3131,0,1,3131,1,NA,NA,
coppock_leeper_mullinix_2018,table_1_brandt_2013_slope,Table 1,"Brandt (2013), Deming slope",4.49,4.49,2,1,4.493207119839969,1,NA,NA,
coppock_leeper_mullinix_2018,table_1_brandt_2013_slope_se,Table 1,"Brandt (2013), Deming slope SE",1.96,1.96,2,1,1.9587351268229076,1,NA,NA,
coppock_leeper_mullinix_2018,table_1_brandt_2013_ci_low,Table 1,"Brandt (2013), 95% CI lower limit",-6.25,-6.25,2,1,-6.2460988254270315,1,NA,NA,
coppock_leeper_mullinix_2018,table_1_brandt_2013_ci_high,Table 1,"Brandt (2013), 95% CI upper limit",15.23,15.23,2,1,15.23251306510697,1,NA,NA,
coppock_leeper_mullinix_2018,table_1_brandt_2013_n_comparisons,Table 1,"Brandt (2013), number of comparisons",13,13,0,1,13,1,NA,NA,
coppock_leeper_mullinix_2018,table_1_brandt_2013_f_p_value,Table 1,"Brandt (2013), joint F test p-value",0.2,0.20,2,1,0.20076878911609627,1,NA,NA,
coppock_leeper_mullinix_2018,table_1_caprariello_and_reis_2013_original_n,Table 1,"Caprariello and Reis (2013), original sample size",825,825,0,1,825,1,NA,NA,
coppock_leeper_mullinix_2018,table_1_caprariello_and_reis_2013_mt_n,Table 1,"Caprariello and Reis (2013), MTurk sample size",2729,2729,0,1,2729,1,NA,NA,
coppock_leeper_mullinix_2018,table_1_caprariello_and_reis_2013_slope,Table 1,"Caprariello and Reis (2013), Deming slope",-4.38,-4.38,2,1,-4.379764756302401,1,NA,NA,
coppock_leeper_mullinix_2018,table_1_caprariello_and_reis_2013_slope_se,Table 1,"Caprariello and Reis (2013), Deming slope SE",2,2.00,2,1,2.002733299741626,1,NA,NA,
coppock_leeper_mullinix_2018,table_1_caprariello_and_reis_2013_ci_low,Table 1,"Caprariello and Reis (2013), 95% CI lower limit",-7.83,-7.83,2,1,-7.82850296456607,1,NA,NA,
coppock_leeper_mullinix_2018,table_1_caprariello_and_reis_2013_ci_high,Table 1,"Caprariello and Reis (2013), 95% CI upper limit",-0.93,-0.93,2,1,-0.9310265480387324,1,NA,NA,
coppock_leeper_mullinix_2018,table_1_caprariello_and_reis_2013_n_comparisons,Table 1,"Caprariello and Reis (2013), number of comparisons",16,16,0,1,16,1,NA,NA,
coppock_leeper_mullinix_2018,table_1_caprariello_and_reis_2013_f_p_value,Table 1,"Caprariello and Reis (2013), joint F test p-value",0.63,0.63,2,1,0.6251755989039465,1,NA,NA,
coppock_leeper_mullinix_2018,table_1_chong_and_druckman_2010_original_n,Table 1,"Chong and Druckman (2010), original sample size",958,958,0,1,958,1,NA,NA,
coppock_leeper_mullinix_2018,table_1_chong_and_druckman_2010_mt_n,Table 1,"Chong and Druckman (2010), MTurk sample size",1400,1400,0,1,1400,1,NA,NA,
coppock_leeper_mullinix_2018,table_1_chong_and_druckman_2010_slope,Table 1,"Chong and Druckman (2010), Deming slope",0.17,0.17,2,1,0.17006741327069633,1,NA,NA,
coppock_leeper_mullinix_2018,table_1_chong_and_druckman_2010_slope_se,Table 1,"Chong and Druckman (2010), Deming slope SE",0.18,0.18,2,1,0.18381917255963567,1,NA,NA,
coppock_leeper_mullinix_2018,table_1_chong_and_druckman_2010_ci_low,Table 1,"Chong and Druckman (2010), 95% CI lower limit",-0.58,-0.58,2,1,-0.583544625882182,1,NA,NA,
coppock_leeper_mullinix_2018,table_1_chong_and_druckman_2010_ci_high,Table 1,"Chong and Druckman (2010), 95% CI upper limit",0.92,0.92,2,1,0.9236794524235746,1,NA,NA,
coppock_leeper_mullinix_2018,table_1_chong_and_druckman_2010_n_comparisons,Table 1,"Chong and Druckman (2010), number of comparisons",13,13,0,1,13,1,NA,NA,
coppock_leeper_mullinix_2018,table_1_chong_and_druckman_2010_f_p_value,Table 1,"Chong and Druckman (2010), joint F test p-value",0.61,0.61,2,1,0.6146421804907913,1,NA,NA,
coppock_leeper_mullinix_2018,table_1_craig_and_richeson_2014_original_n,Table 1,"Craig and Richeson (2014), original sample size",608,608,0,1,608,1,NA,NA,
coppock_leeper_mullinix_2018,table_1_craig_and_richeson_2014_mt_n,Table 1,"Craig and Richeson (2014), MTurk sample size",847,847,0,1,847,1,NA,NA,
coppock_leeper_mullinix_2018,table_1_craig_and_richeson_2014_slope,Table 1,"Craig and Richeson (2014), Deming slope",-0.95,-0.95,2,1,-0.9496920678576612,1,NA,NA,
coppock_leeper_mullinix_2018,table_1_craig_and_richeson_2014_slope_se,Table 1,"Craig and Richeson (2014), Deming slope SE",0.36,0.36,2,1,0.36255064456610137,1,NA,NA,
coppock_leeper_mullinix_2018,table_1_craig_and_richeson_2014_ci_low,Table 1,"Craig and Richeson (2014), 95% CI lower limit",-1.56,-1.56,2,1,-1.557118416316273,1,NA,NA,
coppock_leeper_mullinix_2018,table_1_craig_and_richeson_2014_ci_high,Table 1,"Craig and Richeson (2014), 95% CI upper limit",-0.34,-0.34,2,1,-0.3422657193990496,1,NA,NA,
coppock_leeper_mullinix_2018,table_1_craig_and_richeson_2014_n_comparisons,Table 1,"Craig and Richeson (2014), number of comparisons",16,16,0,1,16,1,NA,NA,
coppock_leeper_mullinix_2018,table_1_craig_and_richeson_2014_f_p_value,Table 1,"Craig and Richeson (2014), joint F test p-value",0.24,0.24,2,1,0.24299747743209033,1,NA,NA,
coppock_leeper_mullinix_2018,table_1_denny_2012_original_n,Table 1,"Denny (2012), original sample size",1733,1733,0,1,1733,1,NA,NA,
coppock_leeper_mullinix_2018,table_1_denny_2012_mt_n,Table 1,"Denny (2012), MTurk sample size",1913,1913,0,1,1913,1,NA,NA,
coppock_leeper_mullinix_2018,table_1_denny_2012_slope,Table 1,"Denny (2012), Deming slope",2.83,2.83,2,1,2.829097610126549,1,NA,NA,
coppock_leeper_mullinix_2018,table_1_denny_2012_slope_se,Table 1,"Denny (2012), Deming slope SE",1.04,1.04,2,1,1.0412025397557654,1,NA,NA,
coppock_leeper_mullinix_2018,table_1_denny_2012_ci_low,Table 1,"Denny (2012), 95% CI lower limit",1.19,1.19,2,1,1.1900017462797143,1,NA,NA,
coppock_leeper_mullinix_2018,table_1_denny_2012_ci_high,Table 1,"Denny (2012), 95% CI upper limit",4.47,4.47,2,1,4.4681934739733835,1,NA,NA,
coppock_leeper_mullinix_2018,table_1_denny_2012_n_comparisons,Table 1,"Denny (2012), number of comparisons",16,16,0,1,16,1,NA,NA,
coppock_leeper_mullinix_2018,table_1_denny_2012_f_p_value,Table 1,"Denny (2012), joint F test p-value",0.59,0.59,2,1,0.5870468017026278,1,NA,NA,
coppock_leeper_mullinix_2018,table_1_epley_et_al_2009_original_n,Table 1,"Epley et al. (2009), original sample size",1019,1019,0,1,1019,1,NA,NA,
coppock_leeper_mullinix_2018,table_1_epley_et_al_2009_mt_n,Table 1,"Epley et al. (2009), MTurk sample size",1913,1913,0,1,1913,1,NA,NA,
coppock_leeper_mullinix_2018,table_1_epley_et_al_2009_slope,Table 1,"Epley et al. (2009), Deming slope",0.68,0.68,2,1,0.6814542341060215,1,NA,NA,
coppock_leeper_mullinix_2018,table_1_epley_et_al_2009_slope_se,Table 1,"Epley et al. (2009), Deming slope SE",0.64,0.64,2,1,0.6429586440245746,1,NA,NA,
coppock_leeper_mullinix_2018,table_1_epley_et_al_2009_ci_low,Table 1,"Epley et al. (2009), 95% CI lower limit",-2.52,-2.52,2,1,-2.5196970108300576,1,NA,NA,
coppock_leeper_mullinix_2018,table_1_epley_et_al_2009_ci_high,Table 1,"Epley et al. (2009), 95% CI upper limit",3.88,3.88,2,1,3.882605479042101,1,NA,NA,
coppock_leeper_mullinix_2018,table_1_epley_et_al_2009_n_comparisons,Table 1,"Epley et al. (2009), number of comparisons",10,10,0,1,10,1,NA,NA,
coppock_leeper_mullinix_2018,table_1_epley_et_al_2009_f_p_value,Table 1,"Epley et al. (2009), joint F test p-value",0.14,0.14,2,1,0.13685210689439664,1,NA,NA,
coppock_leeper_mullinix_2018,table_1_flavin_2011_original_n,Table 1,"Flavin (2011), original sample size",2015,2015,0,1,2015,1,NA,NA,
coppock_leeper_mullinix_2018,table_1_flavin_2011_mt_n,Table 1,"Flavin (2011), MTurk sample size",2729,2729,0,1,2729,1,NA,NA,
coppock_leeper_mullinix_2018,table_1_flavin_2011_slope,Table 1,"Flavin (2011), Deming slope",0.23,0.23,2,1,0.23230168072964424,1,NA,NA,
coppock_leeper_mullinix_2018,table_1_flavin_2011_slope_se,Table 1,"Flavin (2011), Deming slope SE",0.2,0.20,2,1,0.2015184248764448,1,NA,NA,
coppock_leeper_mullinix_2018,table_1_flavin_2011_ci_low,Table 1,"Flavin (2011), 95% CI lower limit",-0.15,-0.15,2,1,-0.15466720646427787,1,NA,NA,
coppock_leeper_mullinix_2018,table_1_flavin_2011_ci_high,Table 1,"Flavin (2011), 95% CI upper limit",0.62,0.62,2,1,0.6192705679235663,1,NA,NA,
coppock_leeper_mullinix_2018,table_1_flavin_2011_n_comparisons,Table 1,"Flavin (2011), number of comparisons",16,16,0,1,16,1,NA,NA,
coppock_leeper_mullinix_2018,table_1_flavin_2011_f_p_value,Table 1,"Flavin (2011), joint F test p-value",0.06,0.06,2,1,0.05672915632863037,1,NA,NA,
coppock_leeper_mullinix_2018,table_1_gash_and_murakami_2009_original_n,Table 1,"Gash and Murakami (2009), original sample size",1022,1022,0,1,1022,1,NA,NA,
coppock_leeper_mullinix_2018,table_1_gash_and_murakami_2009_mt_n,Table 1,"Gash and Murakami (2009), MTurk sample size",3131,3131,0,1,3131,1,NA,NA,
coppock_leeper_mullinix_2018,table_1_gash_and_murakami_2009_slope,Table 1,"Gash and Murakami (2009), Deming slope",2.78,2.78,2,1,2.77618407932911,1,NA,NA,
coppock_leeper_mullinix_2018,table_1_gash_and_murakami_2009_slope_se,Table 1,"Gash and Murakami (2009), Deming slope SE",1.01,1.01,2,1,1.005309776227911,1,NA,NA,
coppock_leeper_mullinix_2018,table_1_gash_and_murakami_2009_ci_low,Table 1,"Gash and Murakami (2009), 95% CI lower limit",1.59,1.59,2,1,1.5925567586210807,1,NA,NA,
coppock_leeper_mullinix_2018,table_1_gash_and_murakami_2009_ci_high,Table 1,"Gash and Murakami (2009), 95% CI upper limit",3.96,3.96,2,1,3.959811400037139,1,NA,NA,
coppock_leeper_mullinix_2018,table_1_gash_and_murakami_2009_n_comparisons,Table 1,"Gash and Murakami (2009), number of comparisons",16,16,0,1,16,1,NA,NA,
coppock_leeper_mullinix_2018,table_1_gash_and_murakami_2009_f_p_value,Table 1,"Gash and Murakami (2009), joint F test p-value",0.73,0.73,2,1,0.7329393064379686,1,NA,NA,
coppock_leeper_mullinix_2018,table_1_hiscox_2006_original_n,Table 1,"Hiscox (2006), original sample size",1610,1610,0,1,1610,1,NA,NA,
coppock_leeper_mullinix_2018,table_1_hiscox_2006_mt_n,Table 1,"Hiscox (2006), MTurk sample size",2972,2972,0,1,2972,1,NA,NA,
coppock_leeper_mullinix_2018,table_1_hiscox_2006_slope,Table 1,"Hiscox (2006), Deming slope",2.5,2.5,1,1,2.5034926888198776,1,NA,NA,
coppock_leeper_mullinix_2018,table_1_hiscox_2006_slope_se,Table 1,"Hiscox (2006), Deming slope SE",1.07,1.07,2,1,1.067811336589564,1,NA,NA,
coppock_leeper_mullinix_2018,table_1_hiscox_2006_ci_low,Table 1,"Hiscox (2006), 95% CI lower limit",0.94,0.94,2,1,0.939711125878166,1,NA,NA,
coppock_leeper_mullinix_2018,table_1_hiscox_2006_ci_high,Table 1,"Hiscox (2006), 95% CI upper limit",4.07,4.07,2,1,4.06727425176159,1,NA,NA,
coppock_leeper_mullinix_2018,table_1_hiscox_2006_n_comparisons,Table 1,"Hiscox (2006), number of comparisons",16,16,0,1,16,1,NA,NA,
coppock_leeper_mullinix_2018,table_1_hiscox_2006_f_p_value,Table 1,"Hiscox (2006), joint F test p-value",0.96,0.96,2,1,0.9597449337376632,1,NA,NA,
coppock_leeper_mullinix_2018,table_1_hopkins_and_mummolo_2017_original_n,Table 1,"Hopkins and Mummolo (2017), original sample size",3266,3266,0,1,3266,1,NA,NA,
coppock_leeper_mullinix_2018,table_1_hopkins_and_mummolo_2017_mt_n,Table 1,"Hopkins and Mummolo (2017), MTurk sample size",2972,2972,0,1,2972,1,NA,NA,
coppock_leeper_mullinix_2018,table_1_hopkins_and_mummolo_2017_slope,Table 1,"Hopkins and Mummolo (2017), Deming slope",-1.84,-1.84,2,1,-1.8444161934992844,1,NA,NA,
coppock_leeper_mullinix_2018,table_1_hopkins_and_mummolo_2017_slope_se,Table 1,"Hopkins and Mummolo (2017), Deming slope SE",0.85,0.85,2,1,0.8532883994328798,1,NA,NA,
coppock_leeper_mullinix_2018,table_1_hopkins_and_mummolo_2017_ci_low,Table 1,"Hopkins and Mummolo (2017), 95% CI lower limit",-4.06,-4.06,2,1,-4.060606451202155,1,NA,NA,
coppock_leeper_mullinix_2018,table_1_hopkins_and_mummolo_2017_ci_high,Table 1,"Hopkins and Mummolo (2017), 95% CI upper limit",0.37,0.37,2,1,0.37177406420358583,1,NA,NA,
coppock_leeper_mullinix_2018,table_1_hopkins_and_mummolo_2017_n_comparisons,Table 1,"Hopkins and Mummolo (2017), number of comparisons",16,16,0,1,16,1,NA,NA,
coppock_leeper_mullinix_2018,table_1_hopkins_and_mummolo_2017_f_p_value,Table 1,"Hopkins and Mummolo (2017), joint F test p-value",0.27,0.27,2,1,0.27355605162835606,1,NA,NA,
coppock_leeper_mullinix_2018,table_1_jacobsen_snyder_and_saultz_2014_original_n,Table 1,"Jacobsen, Snyder and Saultz (2014), original sample size",1111,1111,0,1,1111,1,NA,NA,
coppock_leeper_mullinix_2018,table_1_jacobsen_snyder_and_saultz_2014_mt_n,Table 1,"Jacobsen, Snyder and Saultz (2014), MTurk sample size",3171,3171,0,1,3171,1,NA,NA,
coppock_leeper_mullinix_2018,table_1_jacobsen_snyder_and_saultz_2014_slope,Table 1,"Jacobsen, Snyder and Saultz (2014), Deming slope",-4.73,-4.73,2,1,-4.729146487230602,1,NA,NA,
coppock_leeper_mullinix_2018,table_1_jacobsen_snyder_and_saultz_2014_slope_se,Table 1,"Jacobsen, Snyder and Saultz (2014), Deming slope SE",1.99,1.99,2,1,1.986511738020988,1,NA,NA,
coppock_leeper_mullinix_2018,table_1_jacobsen_snyder_and_saultz_2014_ci_low,Table 1,"Jacobsen, Snyder and Saultz (2014), 95% CI lower limit",-8.32,-8.32,2,1,-8.322433891248714,1,NA,NA,
coppock_leeper_mullinix_2018,table_1_jacobsen_snyder_and_saultz_2014_ci_high,Table 1,"Jacobsen, Snyder and Saultz (2014), 95% CI upper limit",-1.14,-1.14,2,1,-1.1358590832124889,1,NA,NA,
coppock_leeper_mullinix_2018,table_1_jacobsen_snyder_and_saultz_2014_n_comparisons,Table 1,"Jacobsen, Snyder and Saultz (2014), number of comparisons",16,16,0,1,16,1,NA,NA,
coppock_leeper_mullinix_2018,table_1_jacobsen_snyder_and_saultz_2014_f_p_value,Table 1,"Jacobsen, Snyder and Saultz (2014), joint F test p-value",0.09,0.09,2,1,0.09424929571755106,1,NA,NA,
coppock_leeper_mullinix_2018,table_1_johnston_and_ballard_2016_original_n,Table 1,"Johnston and Ballard (2016), original sample size",2045,2045,0,1,2045,1,NA,NA,
coppock_leeper_mullinix_2018,table_1_johnston_and_ballard_2016_mt_n,Table 1,"Johnston and Ballard (2016), MTurk sample size",2985,2985,0,1,2985,1,NA,NA,
coppock_leeper_mullinix_2018,table_1_johnston_and_ballard_2016_slope,Table 1,"Johnston and Ballard (2016), Deming slope",0.13,0.13,2,1,0.13442599143828043,1,NA,NA,
coppock_leeper_mullinix_2018,table_1_johnston_and_ballard_2016_slope_se,Table 1,"Johnston and Ballard (2016), Deming slope SE",0.53,0.53,2,1,0.527264164429089,1,NA,NA,
coppock_leeper_mullinix_2018,table_1_johnston_and_ballard_2016_ci_low,Table 1,"Johnston and Ballard (2016), 95% CI lower limit",-0.26,-0.26,2,1,-0.2610085445460209,1,NA,NA,
coppock_leeper_mullinix_2018,table_1_johnston_and_ballard_2016_ci_high,Table 1,"Johnston and Ballard (2016), 95% CI upper limit",0.53,0.53,2,1,0.5298605274225818,1,NA,NA,
coppock_leeper_mullinix_2018,table_1_johnston_and_ballard_2016_n_comparisons,Table 1,"Johnston and Ballard (2016), number of comparisons",16,16,0,1,16,1,NA,NA,
coppock_leeper_mullinix_2018,table_1_johnston_and_ballard_2016_f_p_value,Table 1,"Johnston and Ballard (2016), joint F test p-value",0.06,0.06,2,1,0.05689136060608961,1,NA,NA,
coppock_leeper_mullinix_2018,table_1_levendusky_and_malhotra_2015_original_n,Table 1,"Levendusky and Malhotra (2015), original sample size",1053,1053,0,1,1053,1,NA,NA,
coppock_leeper_mullinix_2018,table_1_levendusky_and_malhotra_2015_mt_n,Table 1,"Levendusky and Malhotra (2015), MTurk sample size",1987,1987,0,1,1987,1,NA,NA,
coppock_leeper_mullinix_2018,table_1_levendusky_and_malhotra_2015_slope,Table 1,"Levendusky and Malhotra (2015), Deming slope",-0.16,-0.16,2,1,-0.15615347787104242,1,NA,NA,
coppock_leeper_mullinix_2018,table_1_levendusky_and_malhotra_2015_slope_se,Table 1,"Levendusky and Malhotra (2015), Deming slope SE",0.35,0.35,2,1,0.35299769066112496,1,NA,NA,
coppock_leeper_mullinix_2018,table_1_levendusky_and_malhotra_2015_ci_low,Table 1,"Levendusky and Malhotra (2015), 95% CI lower limit",-1.5,-1.50,2,1,-1.5002346298786853,1,NA,NA,
coppock_leeper_mullinix_2018,table_1_levendusky_and_malhotra_2015_ci_high,Table 1,"Levendusky and Malhotra (2015), 95% CI upper limit",1.19,1.19,2,1,1.1879276741366005,1,NA,NA,
coppock_leeper_mullinix_2018,table_1_levendusky_and_malhotra_2015_n_comparisons,Table 1,"Levendusky and Malhotra (2015), number of comparisons",16,16,0,1,16,1,NA,NA,
coppock_leeper_mullinix_2018,table_1_levendusky_and_malhotra_2015_f_p_value,Table 1,"Levendusky and Malhotra (2015), joint F test p-value",0.01,0.01,2,1,0.01157082932631677,1,NA,NA,
coppock_leeper_mullinix_2018,table_1_mcginty_webster_and_barry_2013_original_n,Table 1,"McGinty, Webster and Barry (2013), original sample size",2935,2935,0,1,2935,1,NA,NA,
coppock_leeper_mullinix_2018,table_1_mcginty_webster_and_barry_2013_mt_n,Table 1,"McGinty, Webster and Barry (2013), MTurk sample size",2985,2985,0,1,2985,1,NA,NA,
coppock_leeper_mullinix_2018,table_1_mcginty_webster_and_barry_2013_slope,Table 1,"McGinty, Webster and Barry (2013), Deming slope",2.53,2.53,2,1,2.528764687260603,1,NA,NA,
coppock_leeper_mullinix_2018,table_1_mcginty_webster_and_barry_2013_slope_se,Table 1,"McGinty, Webster and Barry (2013), Deming slope SE",1.1,1.10,2,1,1.101874701842944,1,NA,NA,
coppock_leeper_mullinix_2018,table_1_mcginty_webster_and_barry_2013_ci_low,Table 1,"McGinty, Webster and Barry (2013), 95% CI lower limit",1.09,1.09,2,1,1.0873729580254514,1,NA,NA,
coppock_leeper_mullinix_2018,table_1_mcginty_webster_and_barry_2013_ci_high,Table 1,"McGinty, Webster and Barry (2013), 95% CI upper limit",3.97,3.97,2,1,3.9701564164957546,1,NA,NA,
coppock_leeper_mullinix_2018,table_1_mcginty_webster_and_barry_2013_n_comparisons,Table 1,"McGinty, Webster and Barry (2013), number of comparisons",16,16,0,1,16,1,NA,NA,
coppock_leeper_mullinix_2018,table_1_mcginty_webster_and_barry_2013_f_p_value,Table 1,"McGinty, Webster and Barry (2013), joint F test p-value",0.72,0.72,2,1,0.7151786201190139,1,NA,NA,
coppock_leeper_mullinix_2018,table_1_murtagh_et_al_2012_original_n,Table 1,"Murtagh et al. (2012), original sample size",2112,2112,0,1,2112,1,NA,NA,
coppock_leeper_mullinix_2018,table_1_murtagh_et_al_2012_mt_n,Table 1,"Murtagh et al. (2012), MTurk sample size",3131,3131,0,1,3131,1,NA,NA,
coppock_leeper_mullinix_2018,table_1_murtagh_et_al_2012_slope,Table 1,"Murtagh et al. (2012), Deming slope",0.34,0.34,2,1,0.3386785866617139,1,NA,NA,
coppock_leeper_mullinix_2018,table_1_murtagh_et_al_2012_slope_se,Table 1,"Murtagh et al. (2012), Deming slope SE",0.34,0.34,2,1,0.33891893294934555,1,NA,NA,
coppock_leeper_mullinix_2018,table_1_murtagh_et_al_2012_ci_low,Table 1,"Murtagh et al. (2012), 95% CI lower limit",-0.2,-0.20,2,1,-0.20226531627563804,1,NA,NA,
coppock_leeper_mullinix_2018,table_1_murtagh_et_al_2012_ci_high,Table 1,"Murtagh et al. (2012), 95% CI upper limit",0.88,0.88,2,1,0.8796224895990659,1,NA,NA,
coppock_leeper_mullinix_2018,table_1_murtagh_et_al_2012_n_comparisons,Table 1,"Murtagh et al. (2012), number of comparisons",10,10,0,1,10,1,NA,NA,
coppock_leeper_mullinix_2018,table_1_murtagh_et_al_2012_f_p_value,Table 1,"Murtagh et al. (2012), joint F test p-value",0.98,0.98,2,1,0.9791100939709164,1,NA,NA,
coppock_leeper_mullinix_2018,table_1_nicholson_2012_original_n,Table 1,"Nicholson (2012), original sample size",781,781,0,1,781,1,NA,NA,
coppock_leeper_mullinix_2018,table_1_nicholson_2012_mt_n,Table 1,"Nicholson (2012), MTurk sample size",1099,1099,0,1,1099,1,NA,NA,
coppock_leeper_mullinix_2018,table_1_nicholson_2012_slope,Table 1,"Nicholson (2012), Deming slope",-23.05,-23.05,2,1,-23.054886589260175,1,NA,NA,
coppock_leeper_mullinix_2018,table_1_nicholson_2012_slope_se,Table 1,"Nicholson (2012), Deming slope SE",16.21,16.21,2,1,16.20772191722588,1,NA,NA,
coppock_leeper_mullinix_2018,table_1_nicholson_2012_ci_low,Table 1,"Nicholson (2012), 95% CI lower limit",-396.69,-396.69,2,1,-396.6871900494358,1,NA,NA,
coppock_leeper_mullinix_2018,table_1_nicholson_2012_ci_high,Table 1,"Nicholson (2012), 95% CI upper limit",350.58,350.58,2,1,350.5774168709155,1,NA,NA,
coppock_leeper_mullinix_2018,table_1_nicholson_2012_n_comparisons,Table 1,"Nicholson (2012), number of comparisons",12,12,0,1,12,1,NA,NA,
coppock_leeper_mullinix_2018,table_1_nicholson_2012_f_p_value,Table 1,"Nicholson (2012), joint F test p-value",0.94,0.94,2,1,0.9434271826322298,1,NA,NA,
coppock_leeper_mullinix_2018,table_1_parmer_2011_original_n,Table 1,"Parmer (2011), original sample size",521,521,0,1,521,1,NA,NA,
coppock_leeper_mullinix_2018,table_1_parmer_2011_mt_n,Table 1,"Parmer (2011), MTurk sample size",3277,3277,0,1,3277,1,NA,NA,
coppock_leeper_mullinix_2018,table_1_parmer_2011_slope,Table 1,"Parmer (2011), Deming slope",1.71,1.71,2,1,1.710900646696721,1,NA,NA,
coppock_leeper_mullinix_2018,table_1_parmer_2011_slope_se,Table 1,"Parmer (2011), Deming slope SE",0.75,0.75,2,1,0.7521117359531969,1,NA,NA,
coppock_leeper_mullinix_2018,table_1_parmer_2011_ci_low,Table 1,"Parmer (2011), 95% CI lower limit",-0.12,-0.12,2,1,-0.11779883129710456,1,NA,NA,
coppock_leeper_mullinix_2018,table_1_parmer_2011_ci_high,Table 1,"Parmer (2011), 95% CI upper limit",3.54,3.54,2,1,3.5396001246905464,1,NA,NA,
coppock_leeper_mullinix_2018,table_1_parmer_2011_n_comparisons,Table 1,"Parmer (2011), number of comparisons",16,16,0,1,16,1,NA,NA,
coppock_leeper_mullinix_2018,table_1_parmer_2011_f_p_value,Table 1,"Parmer (2011), joint F test p-value",0.61,0.61,2,1,0.6089687147630449,1,NA,NA,
coppock_leeper_mullinix_2018,table_1_pedulla_2014_original_n,Table 1,"Pedulla (2014), original sample size",1407,1407,0,1,1407,1,NA,NA,
coppock_leeper_mullinix_2018,table_1_pedulla_2014_mt_n,Table 1,"Pedulla (2014), MTurk sample size",1913,1913,0,1,1913,1,NA,NA,
coppock_leeper_mullinix_2018,table_1_pedulla_2014_slope,Table 1,"Pedulla (2014), Deming slope",-57.93,-57.93,2,1,-57.93413985176515,1,NA,NA,
coppock_leeper_mullinix_2018,table_1_pedulla_2014_slope_se,Table 1,"Pedulla (2014), Deming slope SE",17.9,17.90,2,1,17.896563949941765,1,NA,NA,
coppock_leeper_mullinix_2018,table_1_pedulla_2014_ci_low,Table 1,"Pedulla (2014), 95% CI lower limit",-363.42,-363.42,2,1,-363.42241290170335,1,NA,NA,
coppock_leeper_mullinix_2018,table_1_pedulla_2014_ci_high,Table 1,"Pedulla (2014), 95% CI upper limit",247.55,247.55,2,1,247.55413319817305,1,NA,NA,
coppock_leeper_mullinix_2018,table_1_pedulla_2014_n_comparisons,Table 1,"Pedulla (2014), number of comparisons",15,15,0,1,15,1,NA,NA,
coppock_leeper_mullinix_2018,table_1_pedulla_2014_f_p_value,Table 1,"Pedulla (2014), joint F test p-value",0.73,0.73,2,1,0.7273772701012677,1,NA,NA,
coppock_leeper_mullinix_2018,table_1_peffley_and_hurwitz_2007_original_n,Table 1,"Peffley and Hurwitz (2007), original sample size",905,905,0,1,905,1,NA,NA,
coppock_leeper_mullinix_2018,table_1_peffley_and_hurwitz_2007_mt_n,Table 1,"Peffley and Hurwitz (2007), MTurk sample size",1285,1285,0,1,1285,1,NA,NA,
coppock_leeper_mullinix_2018,table_1_peffley_and_hurwitz_2007_slope,Table 1,"Peffley and Hurwitz (2007), Deming slope",2.23,2.23,2,1,2.2255066669075663,1,NA,NA,
coppock_leeper_mullinix_2018,table_1_peffley_and_hurwitz_2007_slope_se,Table 1,"Peffley and Hurwitz (2007), Deming slope SE",1.17,1.17,2,1,1.1682235551898483,1,NA,NA,
coppock_leeper_mullinix_2018,table_1_peffley_and_hurwitz_2007_ci_low,Table 1,"Peffley and Hurwitz (2007), 95% CI lower limit",-1.08,-1.08,2,1,-1.0848625526156943,1,NA,NA,
coppock_leeper_mullinix_2018,table_1_peffley_and_hurwitz_2007_ci_high,Table 1,"Peffley and Hurwitz (2007), 95% CI upper limit",5.54,5.54,2,1,5.535875886430826,1,NA,NA,
coppock_leeper_mullinix_2018,table_1_peffley_and_hurwitz_2007_n_comparisons,Table 1,"Peffley and Hurwitz (2007), number of comparisons",13,13,0,1,13,1,NA,NA,
coppock_leeper_mullinix_2018,table_1_peffley_and_hurwitz_2007_f_p_value,Table 1,"Peffley and Hurwitz (2007), joint F test p-value",0.19,0.19,2,1,0.18913974616774065,1,NA,NA,
coppock_leeper_mullinix_2018,table_1_piazza_2015_original_n,Table 1,"Piazza (2015), original sample size",1135,1135,0,1,1135,1,NA,NA,
coppock_leeper_mullinix_2018,table_1_piazza_2015_mt_n,Table 1,"Piazza (2015), MTurk sample size",3171,3171,0,1,3171,1,NA,NA,
coppock_leeper_mullinix_2018,table_1_piazza_2015_slope,Table 1,"Piazza (2015), Deming slope",-2.15,-2.15,2,1,-2.1534129468673413,1,NA,NA,
coppock_leeper_mullinix_2018,table_1_piazza_2015_slope_se,Table 1,"Piazza (2015), Deming slope SE",0.74,0.74,2,1,0.7382139981537584,1,NA,NA,
coppock_leeper_mullinix_2018,table_1_piazza_2015_ci_low,Table 1,"Piazza (2015), 95% CI lower limit",-3.83,-3.83,2,1,-3.833282175014912,1,NA,NA,
coppock_leeper_mullinix_2018,table_1_piazza_2015_ci_high,Table 1,"Piazza (2015), 95% CI upper limit",-0.47,-0.47,2,1,-0.47354371871977,1,NA,NA,
coppock_leeper_mullinix_2018,table_1_piazza_2015_n_comparisons,Table 1,"Piazza (2015), number of comparisons",16,16,0,1,16,1,NA,NA,
coppock_leeper_mullinix_2018,table_1_piazza_2015_f_p_value,Table 1,"Piazza (2015), joint F test p-value",0.81,0.81,2,1,0.8139410417960355,1,NA,NA,
coppock_leeper_mullinix_2018,table_1_shafer_2017_original_n,Table 1,"Shafer (2017), original sample size",2592,2592,0,1,2592,1,NA,NA,
coppock_leeper_mullinix_2018,table_1_shafer_2017_mt_n,Table 1,"Shafer (2017), MTurk sample size",2729,2729,0,1,2729,1,NA,NA,
coppock_leeper_mullinix_2018,table_1_shafer_2017_slope,Table 1,"Shafer (2017), Deming slope",-24.13,-24.13,2,1,-24.132186512753652,1,NA,NA,
coppock_leeper_mullinix_2018,table_1_shafer_2017_slope_se,Table 1,"Shafer (2017), Deming slope SE",9.75,9.75,2,1,9.74841123152072,1,NA,NA,
coppock_leeper_mullinix_2018,table_1_shafer_2017_ci_low,Table 1,"Shafer (2017), 95% CI lower limit",-162.31,-162.31,2,1,-162.31098687248868,1,NA,NA,
coppock_leeper_mullinix_2018,table_1_shafer_2017_ci_high,Table 1,"Shafer (2017), 95% CI upper limit",114.05,114.05,2,1,114.04661384698136,1,NA,NA,
coppock_leeper_mullinix_2018,table_1_shafer_2017_n_comparisons,Table 1,"Shafer (2017), number of comparisons",16,16,0,1,16,1,NA,NA,
coppock_leeper_mullinix_2018,table_1_shafer_2017_f_p_value,Table 1,"Shafer (2017), joint F test p-value",0.49,0.49,2,1,0.4916627455264787,1,NA,NA,
coppock_leeper_mullinix_2018,table_1_thompson_and_schlehofer_2014_original_n,Table 1,"Thompson and Schlehofer (2014), original sample size",591,591,0,1,591,1,NA,NA,
coppock_leeper_mullinix_2018,table_1_thompson_and_schlehofer_2014_mt_n,Table 1,"Thompson and Schlehofer (2014), MTurk sample size",3277,3277,0,1,3277,1,NA,NA,
coppock_leeper_mullinix_2018,table_1_thompson_and_schlehofer_2014_slope,Table 1,"Thompson and Schlehofer (2014), Deming slope",0.24,0.24,2,1,0.23972139993254157,1,NA,NA,
coppock_leeper_mullinix_2018,table_1_thompson_and_schlehofer_2014_slope_se,Table 1,"Thompson and Schlehofer (2014), Deming slope SE",0.6,0.60,2,1,0.59970236852808,1,NA,NA,
coppock_leeper_mullinix_2018,table_1_thompson_and_schlehofer_2014_ci_low,Table 1,"Thompson and Schlehofer (2014), 95% CI lower limit",-1.08,-1.08,2,1,-1.0757443809397895,1,NA,NA,
coppock_leeper_mullinix_2018,table_1_thompson_and_schlehofer_2014_ci_high,Table 1,"Thompson and Schlehofer (2014), 95% CI upper limit",1.56,1.56,2,1,1.555187180804873,1,NA,NA,
coppock_leeper_mullinix_2018,table_1_thompson_and_schlehofer_2014_n_comparisons,Table 1,"Thompson and Schlehofer (2014), number of comparisons",16,16,0,1,16,1,NA,NA,
coppock_leeper_mullinix_2018,table_1_thompson_and_schlehofer_2014_f_p_value,Table 1,"Thompson and Schlehofer (2014), joint F test p-value",0.68,0.68,2,1,0.6810969843381468,1,NA,NA,
coppock_leeper_mullinix_2018,table_1_transue_2007_original_n,Table 1,"Transue (2007), original sample size",345,345,0,1,345,1,NA,NA,
coppock_leeper_mullinix_2018,table_1_transue_2007_mt_n,Table 1,"Transue (2007), MTurk sample size",367,367,0,1,367,1,NA,NA,
coppock_leeper_mullinix_2018,table_1_transue_2007_slope,Table 1,"Transue (2007), Deming slope",-1.67,-1.67,2,1,-1.6749769039179223,1,NA,NA,
coppock_leeper_mullinix_2018,table_1_transue_2007_slope_se,Table 1,"Transue (2007), Deming slope SE",1.02,1.02,2,1,1.0156269818177526,1,NA,NA,
coppock_leeper_mullinix_2018,table_1_transue_2007_ci_low,Table 1,"Transue (2007), 95% CI lower limit",-7.52,-7.52,2,1,-7.522458952118003,1,NA,NA,
coppock_leeper_mullinix_2018,table_1_transue_2007_ci_high,Table 1,"Transue (2007), 95% CI upper limit",4.17,4.17,2,1,4.172505144282157,1,NA,NA,
coppock_leeper_mullinix_2018,table_1_transue_2007_n_comparisons,Table 1,"Transue (2007), number of comparisons",7,7,0,1,7,1,NA,NA,
coppock_leeper_mullinix_2018,table_1_transue_2007_f_p_value,Table 1,"Transue (2007), joint F test p-value",0.29,0.29,2,1,0.2893870075379867,1,NA,NA,
coppock_leeper_mullinix_2018,table_1_turaga_2010_original_n,Table 1,"Turaga (2010), original sample size",774,774,0,1,774,1,NA,NA,
coppock_leeper_mullinix_2018,table_1_turaga_2010_mt_n,Table 1,"Turaga (2010), MTurk sample size",3277,3277,0,1,3277,1,NA,NA,
coppock_leeper_mullinix_2018,table_1_turaga_2010_slope,Table 1,"Turaga (2010), Deming slope",1.44,1.44,2,1,1.4392842983001992,1,NA,NA,
coppock_leeper_mullinix_2018,table_1_turaga_2010_slope_se,Table 1,"Turaga (2010), Deming slope SE",0.54,0.54,2,1,0.5376241250098094,1,NA,NA,
coppock_leeper_mullinix_2018,table_1_turaga_2010_ci_low,Table 1,"Turaga (2010), 95% CI lower limit",-0.86,-0.86,2,1,-0.859754267482457,1,NA,NA,
coppock_leeper_mullinix_2018,table_1_turaga_2010_ci_high,Table 1,"Turaga (2010), 95% CI upper limit",3.74,3.74,2,1,3.738322864082855,1,NA,NA,
coppock_leeper_mullinix_2018,table_1_turaga_2010_n_comparisons,Table 1,"Turaga (2010), number of comparisons",16,16,0,1,16,1,NA,NA,
coppock_leeper_mullinix_2018,table_1_turaga_2010_f_p_value,Table 1,"Turaga (2010), joint F test p-value",0.73,0.73,2,1,0.7327757358401131,1,NA,NA,
coppock_leeper_mullinix_2018,table_1_wallace_2011_original_n,Table 1,"Wallace (2011), original sample size",2929,2929,0,1,2929,1,NA,NA,
coppock_leeper_mullinix_2018,table_1_wallace_2011_mt_n,Table 1,"Wallace (2011), MTurk sample size",2729,2729,0,1,2729,1,NA,NA,
coppock_leeper_mullinix_2018,table_1_wallace_2011_slope,Table 1,"Wallace (2011), Deming slope",4.74,4.74,2,1,4.736677620792862,1,NA,NA,
coppock_leeper_mullinix_2018,table_1_wallace_2011_slope_se,Table 1,"Wallace (2011), Deming slope SE",1.86,1.86,2,1,1.8635544590281852,1,NA,NA,
coppock_leeper_mullinix_2018,table_1_wallace_2011_ci_low,Table 1,"Wallace (2011), 95% CI lower limit",-7.96,-7.96,2,1,-7.960359431906917,1,NA,NA,
coppock_leeper_mullinix_2018,table_1_wallace_2011_ci_high,Table 1,"Wallace (2011), 95% CI upper limit",17.43,17.43,2,1,17.43371467349264,1,NA,NA,
coppock_leeper_mullinix_2018,table_1_wallace_2011_n_comparisons,Table 1,"Wallace (2011), number of comparisons",16,16,0,1,16,1,NA,NA,
coppock_leeper_mullinix_2018,table_1_wallace_2011_f_p_value,Table 1,"Wallace (2011), joint F test p-value",0,0.00,2,1,0.00181590989802275,1,NA,NA,
coppock_leeper_mullinix_2018,table_2_age_18_39_slope,Table 2,"Age: 18 - 39, Deming slope",0.82,0.82,2,1,0.818101439843241,1,NA,NA,
coppock_leeper_mullinix_2018,table_2_age_18_39_slope_se,Table 2,"Age: 18 - 39, Deming slope SE",0.08,0.08,2,1,0.08493784287297541,1,NA,NA,
coppock_leeper_mullinix_2018,table_2_age_18_39_ci_low,Table 2,"Age: 18 - 39, 95% CI lower limit",0.51,0.51,2,1,0.5141867257720024,1,NA,NA,
coppock_leeper_mullinix_2018,table_2_age_18_39_ci_high,Table 2,"Age: 18 - 39, 95% CI upper limit",1.12,1.12,2,1,1.1220161539144795,1,NA,NA,
coppock_leeper_mullinix_2018,table_2_age_18_39_n_comparisons,Table 2,"Age: 18 - 39, number of comparisons",27,27,0,1,27,1,NA,NA,
coppock_leeper_mullinix_2018,table_2_age_40_59_slope,Table 2,"Age: 40 - 59, Deming slope",0.86,0.86,2,1,0.8610526669020306,1,NA,NA,
coppock_leeper_mullinix_2018,table_2_age_40_59_slope_se,Table 2,"Age: 40 - 59, Deming slope SE",0.08,0.08,2,1,0.08419705915617835,1,NA,NA,
coppock_leeper_mullinix_2018,table_2_age_40_59_ci_low,Table 2,"Age: 40 - 59, 95% CI lower limit",0.55,0.55,2,1,0.547371967704714,1,NA,NA,
coppock_leeper_mullinix_2018,table_2_age_40_59_ci_high,Table 2,"Age: 40 - 59, 95% CI upper limit",1.17,1.17,2,1,1.1747333660993473,1,NA,NA,
coppock_leeper_mullinix_2018,table_2_age_40_59_n_comparisons,Table 2,"Age: 40 - 59, number of comparisons",27,27,0,1,27,1,NA,NA,
coppock_leeper_mullinix_2018,table_2_age_more_than_60_slope,Table 2,"Age: More than 60, Deming slope",0.95,0.95,2,1,0.9499852299045566,1,NA,NA,
coppock_leeper_mullinix_2018,table_2_age_more_than_60_slope_se,Table 2,"Age: More than 60, Deming slope SE",0.13,0.13,2,1,0.13416692440077543,1,NA,NA,
coppock_leeper_mullinix_2018,table_2_age_more_than_60_ci_low,Table 2,"Age: More than 60, 95% CI lower limit",0.61,0.61,2,1,0.6123224702196837,1,NA,NA,
coppock_leeper_mullinix_2018,table_2_age_more_than_60_ci_high,Table 2,"Age: More than 60, 95% CI upper limit",1.29,1.29,2,1,1.2876479895894295,1,NA,NA,
coppock_leeper_mullinix_2018,table_2_age_more_than_60_n_comparisons,Table 2,"Age: More than 60, number of comparisons",26,26,0,1,26,1,NA,NA,
coppock_leeper_mullinix_2018,table_2_less_than_college_slope,Table 2,"Less than College, Deming slope",0.93,0.93,2,1,0.9318712905365164,1,NA,NA,
coppock_leeper_mullinix_2018,table_2_less_than_college_slope_se,Table 2,"Less than College, Deming slope SE",0.06,0.06,2,1,0.06363388372072278,1,NA,NA,
coppock_leeper_mullinix_2018,table_2_less_than_college_ci_low,Table 2,"Less than College, 95% CI lower limit",0.61,0.61,2,1,0.6132477099577907,1,NA,NA,
coppock_leeper_mullinix_2018,table_2_less_than_college_ci_high,Table 2,"Less than College, 95% CI upper limit",1.25,1.25,2,1,1.250494871115242,1,NA,NA,
coppock_leeper_mullinix_2018,table_2_less_than_college_n_comparisons,Table 2,"Less than College, number of comparisons",26,26,0,1,26,1,NA,NA,
coppock_leeper_mullinix_2018,table_2_college_slope,Table 2,"College, Deming slope",0.87,0.87,2,1,0.8744119886515468,1,NA,NA,
coppock_leeper_mullinix_2018,table_2_college_slope_se,Table 2,"College, Deming slope SE",0.1,0.10,2,1,0.1046882775878235,1,NA,NA,
coppock_leeper_mullinix_2018,table_2_college_ci_low,Table 2,"College, 95% CI lower limit",0.46,0.46,2,1,0.4634245518232415,1,NA,NA,
coppock_leeper_mullinix_2018,table_2_college_ci_high,Table 2,"College, 95% CI upper limit",1.29,1.29,2,1,1.2853994254798522,1,NA,NA,
coppock_leeper_mullinix_2018,table_2_college_n_comparisons,Table 2,"College, number of comparisons",26,26,0,1,26,1,NA,NA,
coppock_leeper_mullinix_2018,table_2_graduate_school_slope,Table 2,"Graduate School, Deming slope",0.72,0.72,2,1,0.7172943027593007,1,NA,NA,
coppock_leeper_mullinix_2018,table_2_graduate_school_slope_se,Table 2,"Graduate School, Deming slope SE",0.13,0.13,2,1,0.1279204807325469,1,NA,NA,
coppock_leeper_mullinix_2018,table_2_graduate_school_ci_low,Table 2,"Graduate School, 95% CI lower limit",0.28,0.28,2,1,0.2834791336746835,1,NA,NA,
coppock_leeper_mullinix_2018,table_2_graduate_school_ci_high,Table 2,"Graduate School, 95% CI upper limit",1.15,1.15,2,1,1.151109471843918,1,NA,NA,
coppock_leeper_mullinix_2018,table_2_graduate_school_n_comparisons,Table 2,"Graduate School, number of comparisons",26,26,0,1,26,1,NA,NA,
coppock_leeper_mullinix_2018,table_2_men_slope,Table 2,"Men, Deming slope",0.87,0.87,2,1,0.8710172242744779,1,NA,NA,
coppock_leeper_mullinix_2018,table_2_men_slope_se,Table 2,"Men, Deming slope SE",0.07,0.07,2,1,0.07491309107649913,1,NA,NA,
coppock_leeper_mullinix_2018,table_2_men_ci_low,Table 2,"Men, 95% CI lower limit",0.49,0.49,2,1,0.4933337001753728,1,NA,NA,
coppock_leeper_mullinix_2018,table_2_men_ci_high,Table 2,"Men, 95% CI upper limit",1.25,1.25,2,1,1.248700748373583,1,NA,NA,
coppock_leeper_mullinix_2018,table_2_men_n_comparisons,Table 2,"Men, number of comparisons",26,26,0,1,26,1,NA,NA,
coppock_leeper_mullinix_2018,table_2_women_slope,Table 2,"Women, Deming slope",0.91,0.91,2,1,0.9069329595632636,1,NA,NA,
coppock_leeper_mullinix_2018,table_2_women_slope_se,Table 2,"Women, Deming slope SE",0.07,0.07,2,1,0.0677818104946968,1,NA,NA,
coppock_leeper_mullinix_2018,table_2_women_ci_low,Table 2,"Women, 95% CI lower limit",0.61,0.61,2,1,0.6120114528292482,1,NA,NA,
coppock_leeper_mullinix_2018,table_2_women_ci_high,Table 2,"Women, 95% CI upper limit",1.2,1.20,2,1,1.2018544662972788,1,NA,NA,
coppock_leeper_mullinix_2018,table_2_women_n_comparisons,Table 2,"Women, number of comparisons",26,26,0,1,26,1,NA,NA,
coppock_leeper_mullinix_2018,table_2_liberal_slope,Table 2,"Liberal, Deming slope",0.71,0.71,2,1,0.7132529452130822,1,NA,NA,
coppock_leeper_mullinix_2018,table_2_liberal_slope_se,Table 2,"Liberal, Deming slope SE",0.11,0.11,2,1,0.10789781541894326,1,NA,NA,
coppock_leeper_mullinix_2018,table_2_liberal_ci_low,Table 2,"Liberal, 95% CI lower limit",0.37,0.37,2,1,0.37402516615038733,1,NA,NA,
coppock_leeper_mullinix_2018,table_2_liberal_ci_high,Table 2,"Liberal, 95% CI upper limit",1.05,1.05,2,1,1.0524807242757772,1,NA,NA,
coppock_leeper_mullinix_2018,table_2_liberal_n_comparisons,Table 2,"Liberal, number of comparisons",20,20,0,1,20,1,NA,NA,
coppock_leeper_mullinix_2018,table_2_moderate_slope,Table 2,"Moderate, Deming slope",1.01,1.01,2,1,1.008494917557303,1,NA,NA,
coppock_leeper_mullinix_2018,table_2_moderate_slope_se,Table 2,"Moderate, Deming slope SE",0.11,0.11,2,1,0.11416118388128248,1,NA,NA,
coppock_leeper_mullinix_2018,table_2_moderate_ci_low,Table 2,"Moderate, 95% CI lower limit",0.49,0.49,2,1,0.48752514977122663,1,NA,NA,
coppock_leeper_mullinix_2018,table_2_moderate_ci_high,Table 2,"Moderate, 95% CI upper limit",1.53,1.53,2,1,1.529464685343379,1,NA,NA,
coppock_leeper_mullinix_2018,table_2_moderate_n_comparisons,Table 2,"Moderate, number of comparisons",20,20,0,1,20,1,NA,NA,
coppock_leeper_mullinix_2018,table_2_conservative_slope,Table 2,"Conservative, Deming slope",0.75,0.75,2,1,0.7537391948822368,1,NA,NA,
coppock_leeper_mullinix_2018,table_2_conservative_slope_se,Table 2,"Conservative, Deming slope SE",0.09,0.09,2,1,0.09033895507358056,1,NA,NA,
coppock_leeper_mullinix_2018,table_2_conservative_ci_low,Table 2,"Conservative, 95% CI lower limit",0.52,0.52,2,1,0.5217383663102377,1,NA,NA,
coppock_leeper_mullinix_2018,table_2_conservative_ci_high,Table 2,"Conservative, 95% CI upper limit",0.99,0.99,2,1,0.985740023454236,1,NA,NA,
coppock_leeper_mullinix_2018,table_2_conservative_n_comparisons,Table 2,"Conservative, number of comparisons",20,20,0,1,20,1,NA,NA,
coppock_leeper_mullinix_2018,table_2_democrat_slope,Table 2,"Democrat, Deming slope",0.88,0.88,2,1,0.882814133977961,1,NA,NA,
coppock_leeper_mullinix_2018,table_2_democrat_slope_se,Table 2,"Democrat, Deming slope SE",0.07,0.07,2,1,0.07197265534059286,1,NA,NA,
coppock_leeper_mullinix_2018,table_2_democrat_ci_low,Table 2,"Democrat, 95% CI lower limit",0.5,0.50,2,1,0.5026735153614054,1,NA,NA,
coppock_leeper_mullinix_2018,table_2_democrat_ci_high,Table 2,"Democrat, 95% CI upper limit",1.26,1.26,2,1,1.2629547525945166,1,NA,NA,
coppock_leeper_mullinix_2018,table_2_democrat_n_comparisons,Table 2,"Democrat, number of comparisons",24,24,0,1,24,1,NA,NA,
coppock_leeper_mullinix_2018,table_2_independent_slope,Table 2,"Independent, Deming slope",0.94,0.94,2,1,0.9372820767640798,1,NA,NA,
coppock_leeper_mullinix_2018,table_2_independent_slope_se,Table 2,"Independent, Deming slope SE",0.16,0.16,2,1,0.1609361347550967,1,NA,NA,
coppock_leeper_mullinix_2018,table_2_independent_ci_low,Table 2,"Independent, 95% CI lower limit",0.19,0.19,2,1,0.19455083746716997,1,NA,NA,
coppock_leeper_mullinix_2018,table_2_independent_ci_high,Table 2,"Independent, 95% CI upper limit",1.68,1.68,2,1,1.6800133160609896,1,NA,NA,
coppock_leeper_mullinix_2018,table_2_independent_n_comparisons,Table 2,"Independent, number of comparisons",23,23,0,1,23,1,NA,NA,
coppock_leeper_mullinix_2018,table_2_republican_slope,Table 2,"Republican, Deming slope",0.86,0.86,2,1,0.8551586100398854,1,NA,NA,
coppock_leeper_mullinix_2018,table_2_republican_slope_se,Table 2,"Republican, Deming slope SE",0.08,0.08,2,1,0.08081738109757831,1,NA,NA,
coppock_leeper_mullinix_2018,table_2_republican_ci_low,Table 2,"Republican, 95% CI lower limit",0.63,0.63,2,1,0.6281793222185219,1,NA,NA,
coppock_leeper_mullinix_2018,table_2_republican_ci_high,Table 2,"Republican, 95% CI upper limit",1.08,1.08,2,1,1.0821378978612488,1,NA,NA,
coppock_leeper_mullinix_2018,table_2_republican_n_comparisons,Table 2,"Republican, number of comparisons",24,24,0,1,24,1,NA,NA,
coppock_leeper_mullinix_2018,table_2_nonwhite_slope,Table 2,"Nonwhite, Deming slope",0.95,0.95,2,1,0.9530482913321704,1,NA,NA,
coppock_leeper_mullinix_2018,table_2_nonwhite_slope_se,Table 2,"Nonwhite, Deming slope SE",0.11,0.11,2,1,0.10707891474646518,1,NA,NA,
coppock_leeper_mullinix_2018,table_2_nonwhite_ci_low,Table 2,"Nonwhite, 95% CI lower limit",0.45,0.45,2,1,0.44518697298555465,1,NA,NA,
coppock_leeper_mullinix_2018,table_2_nonwhite_ci_high,Table 2,"Nonwhite, 95% CI upper limit",1.46,1.46,2,1,1.460909609678786,1,NA,NA,
coppock_leeper_mullinix_2018,table_2_nonwhite_n_comparisons,Table 2,"Nonwhite, number of comparisons",25,25,0,1,25,1,NA,NA,
coppock_leeper_mullinix_2018,table_2_white_slope,Table 2,"White, Deming slope",0.92,0.92,2,1,0.9199662990905662,1,NA,NA,
coppock_leeper_mullinix_2018,table_2_white_slope_se,Table 2,"White, Deming slope SE",0.06,0.06,2,1,0.05731659320631293,1,NA,NA,
coppock_leeper_mullinix_2018,table_2_white_ci_low,Table 2,"White, 95% CI lower limit",0.66,0.66,2,1,0.6608720576076,1,NA,NA,
coppock_leeper_mullinix_2018,table_2_white_ci_high,Table 2,"White, 95% CI upper limit",1.18,1.18,2,1,1.1790605405735324,1,NA,NA,
coppock_leeper_mullinix_2018,table_2_white_n_comparisons,Table 2,"White, number of comparisons",27,27,0,1,27,1,NA,NA,
coppock_leeper_mullinix_2018,appendix_table_1_estimation,Appendix Table 1,"Bergan (2012), CATE, SE, p-value and confidence limit cells reproduced",160,160,0,1,160,1,NA,NA,
coppock_leeper_mullinix_2018,appendix_table_1_n,Appendix Table 1,"Bergan (2012), N cells reproduced",32,32,0,1,32,1,NA,NA,
coppock_leeper_mullinix_2018,appendix_table_1_prop,Appendix Table 1,"Bergan (2012), Prop cells reproduced",32,32,0,1,0,0,NA,archive,"The published Prop divides each subgroup's N by a total that counts every subgroup once per regression term, so it is the share of the sample divided by the number of terms. The rewrite reports the share itself, which sums to one within each covariate."
coppock_leeper_mullinix_2018,appendix_table_10_estimation,Appendix Table 10,"Gash and Murakami (2009), CATE, SE, p-value and confidence limit cells reproduced",160,160,0,1,160,1,NA,NA,
coppock_leeper_mullinix_2018,appendix_table_10_n,Appendix Table 10,"Gash and Murakami (2009), N cells reproduced",32,32,0,1,32,1,NA,NA,
coppock_leeper_mullinix_2018,appendix_table_10_prop,Appendix Table 10,"Gash and Murakami (2009), Prop cells reproduced",32,32,0,1,0,0,NA,archive,"The published Prop divides each subgroup's N by a total that counts every subgroup once per regression term, so it is the share of the sample divided by the number of terms. The rewrite reports the share itself, which sums to one within each covariate."
coppock_leeper_mullinix_2018,appendix_table_11_estimation,Appendix Table 11,"Hiscox (2006), CATE, SE, p-value and confidence limit cells reproduced",160,160,0,1,160,1,NA,NA,
coppock_leeper_mullinix_2018,appendix_table_11_n,Appendix Table 11,"Hiscox (2006), N cells reproduced",32,32,0,1,0,0,NA,archive,"The published N is the residual degrees of freedom plus two, which undercounts by one for every regressor beyond treatment and the intercept. The rewrite reports the number of observations the fit used."
coppock_leeper_mullinix_2018,appendix_table_11_prop,Appendix Table 11,"Hiscox (2006), Prop cells reproduced",32,32,0,1,0,0,NA,archive,"The published Prop divides each subgroup's N by a total that counts every subgroup once per regression term, so it is the share of the sample divided by the number of terms. The rewrite reports the share itself, which sums to one within each covariate."
coppock_leeper_mullinix_2018,appendix_table_12_estimation,Appendix Table 12,"Hopkins and Mummolo (2017), CATE, SE, p-value and confidence limit cells reproduced",160,160,0,1,160,1,NA,NA,
coppock_leeper_mullinix_2018,appendix_table_12_n,Appendix Table 12,"Hopkins and Mummolo (2017), N cells reproduced",32,32,0,1,32,1,NA,NA,
coppock_leeper_mullinix_2018,appendix_table_12_prop,Appendix Table 12,"Hopkins and Mummolo (2017), Prop cells reproduced",32,32,0,1,0,0,NA,archive,"The published Prop divides each subgroup's N by a total that counts every subgroup once per regression term, so it is the share of the sample divided by the number of terms. The rewrite reports the share itself, which sums to one within each covariate."
coppock_leeper_mullinix_2018,appendix_table_13_estimation,Appendix Table 13,"Jacobsen, Snyder and Saultz (2014), CATE, SE, p-value and confidence limit cells reproduced",160,160,0,1,160,1,NA,NA,
coppock_leeper_mullinix_2018,appendix_table_13_n,Appendix Table 13,"Jacobsen, Snyder and Saultz (2014), N cells reproduced",32,32,0,1,32,1,NA,NA,
coppock_leeper_mullinix_2018,appendix_table_13_prop,Appendix Table 13,"Jacobsen, Snyder and Saultz (2014), Prop cells reproduced",32,32,0,1,0,0,NA,archive,"The published Prop divides each subgroup's N by a total that counts every subgroup once per regression term, so it is the share of the sample divided by the number of terms. The rewrite reports the share itself, which sums to one within each covariate."
coppock_leeper_mullinix_2018,appendix_table_14_estimation,Appendix Table 14,"Johnston and Ballard (2016), CATE, SE, p-value and confidence limit cells reproduced",160,160,0,1,160,1,NA,NA,
coppock_leeper_mullinix_2018,appendix_table_14_n,Appendix Table 14,"Johnston and Ballard (2016), N cells reproduced",32,32,0,1,32,1,NA,NA,
coppock_leeper_mullinix_2018,appendix_table_14_prop,Appendix Table 14,"Johnston and Ballard (2016), Prop cells reproduced",32,32,0,1,0,0,NA,archive,"The published Prop divides each subgroup's N by a total that counts every subgroup once per regression term, so it is the share of the sample divided by the number of terms. The rewrite reports the share itself, which sums to one within each covariate."
coppock_leeper_mullinix_2018,appendix_table_15_estimation,Appendix Table 15,"Levendusky and Malhotra (2015), CATE, SE, p-value and confidence limit cells reproduced",160,160,0,1,160,1,NA,NA,
coppock_leeper_mullinix_2018,appendix_table_15_n,Appendix Table 15,"Levendusky and Malhotra (2015), N cells reproduced",32,32,0,1,32,1,NA,NA,
coppock_leeper_mullinix_2018,appendix_table_15_prop,Appendix Table 15,"Levendusky and Malhotra (2015), Prop cells reproduced",32,32,0,1,0,0,NA,archive,"The published Prop divides each subgroup's N by a total that counts every subgroup once per regression term, so it is the share of the sample divided by the number of terms. The rewrite reports the share itself, which sums to one within each covariate."
coppock_leeper_mullinix_2018,appendix_table_16_estimation,Appendix Table 16,"McGinty, Webster and Barry (2013), CATE, SE, p-value and confidence limit cells reproduced",160,160,0,1,160,1,NA,NA,
coppock_leeper_mullinix_2018,appendix_table_16_n,Appendix Table 16,"McGinty, Webster and Barry (2013), N cells reproduced",32,32,0,1,0,0,NA,archive,"The published N is the residual degrees of freedom plus two, which undercounts by one for every regressor beyond treatment and the intercept. The rewrite reports the number of observations the fit used."
coppock_leeper_mullinix_2018,appendix_table_16_prop,Appendix Table 16,"McGinty, Webster and Barry (2013), Prop cells reproduced",32,32,0,1,0,0,NA,archive,"The published Prop divides each subgroup's N by a total that counts every subgroup once per regression term, so it is the share of the sample divided by the number of terms. The rewrite reports the share itself, which sums to one within each covariate."
coppock_leeper_mullinix_2018,appendix_table_17_estimation,Appendix Table 17,"Murtagh et al. (2012), CATE, SE, p-value and confidence limit cells reproduced",100,100,0,1,100,1,NA,NA,
coppock_leeper_mullinix_2018,appendix_table_17_n,Appendix Table 17,"Murtagh et al. (2012), N cells reproduced",20,20,0,1,20,1,NA,NA,
coppock_leeper_mullinix_2018,appendix_table_17_prop,Appendix Table 17,"Murtagh et al. (2012), Prop cells reproduced",20,20,0,1,0,0,NA,archive,"The published Prop divides each subgroup's N by a total that counts every subgroup once per regression term, so it is the share of the sample divided by the number of terms. The rewrite reports the share itself, which sums to one within each covariate."
coppock_leeper_mullinix_2018,appendix_table_18_estimation,Appendix Table 18,"Nicholson (2012), CATE, SE, p-value and confidence limit cells reproduced",120,120,0,1,120,1,NA,NA,
coppock_leeper_mullinix_2018,appendix_table_18_n,Appendix Table 18,"Nicholson (2012), N cells reproduced",24,24,0,1,4,0,NA,archive,"The published N is the residual degrees of freedom plus two, which undercounts by one for every regressor beyond treatment and the intercept. The rewrite reports the number of observations the fit used."
coppock_leeper_mullinix_2018,appendix_table_18_prop,Appendix Table 18,"Nicholson (2012), Prop cells reproduced",24,24,0,1,0,0,NA,archive,"The published Prop divides each subgroup's N by a total that counts every subgroup once per regression term, so it is the share of the sample divided by the number of terms. The rewrite reports the share itself, which sums to one within each covariate."
coppock_leeper_mullinix_2018,appendix_table_19_estimation,Appendix Table 19,"Parmer (2011), CATE, SE, p-value and confidence limit cells reproduced",160,160,0,1,160,1,NA,NA,
coppock_leeper_mullinix_2018,appendix_table_19_n,Appendix Table 19,"Parmer (2011), N cells reproduced",32,32,0,1,32,1,NA,NA,
coppock_leeper_mullinix_2018,appendix_table_19_prop,Appendix Table 19,"Parmer (2011), Prop cells reproduced",32,32,0,1,0,0,NA,archive,"The published Prop divides each subgroup's N by a total that counts every subgroup once per regression term, so it is the share of the sample divided by the number of terms. The rewrite reports the share itself, which sums to one within each covariate."
coppock_leeper_mullinix_2018,appendix_table_2_estimation,Appendix Table 2,"Brader (2005), CATE, SE, p-value and confidence limit cells reproduced",125,125,0,1,125,1,NA,NA,
coppock_leeper_mullinix_2018,appendix_table_2_n,Appendix Table 2,"Brader (2005), N cells reproduced",25,25,0,1,25,1,NA,NA,
coppock_leeper_mullinix_2018,appendix_table_2_prop,Appendix Table 2,"Brader (2005), Prop cells reproduced",25,25,0,1,0,0,NA,archive,"The published Prop divides each subgroup's N by a total that counts every subgroup once per regression term, so it is the share of the sample divided by the number of terms. The rewrite reports the share itself, which sums to one within each covariate."
coppock_leeper_mullinix_2018,appendix_table_20_estimation,Appendix Table 20,"Pedulla (2014), CATE, SE, p-value and confidence limit cells reproduced",150,150,0,1,150,1,NA,NA,
coppock_leeper_mullinix_2018,appendix_table_20_n,Appendix Table 20,"Pedulla (2014), N cells reproduced",30,30,0,1,30,1,NA,NA,
coppock_leeper_mullinix_2018,appendix_table_20_prop,Appendix Table 20,"Pedulla (2014), Prop cells reproduced",30,30,0,1,0,0,NA,archive,"The published Prop divides each subgroup's N by a total that counts every subgroup once per regression term, so it is the share of the sample divided by the number of terms. The rewrite reports the share itself, which sums to one within each covariate."
coppock_leeper_mullinix_2018,appendix_table_21_estimation,Appendix Table 21,"Peffley and Hurwitz (2007), CATE, SE, p-value and confidence limit cells reproduced",130,130,0,1,130,1,NA,NA,
coppock_leeper_mullinix_2018,appendix_table_21_n,Appendix Table 21,"Peffley and Hurwitz (2007), N cells reproduced",26,26,0,1,26,1,NA,NA,
coppock_leeper_mullinix_2018,appendix_table_21_prop,Appendix Table 21,"Peffley and Hurwitz (2007), Prop cells reproduced",26,26,0,1,0,0,NA,archive,"The published Prop divides each subgroup's N by a total that counts every subgroup once per regression term, so it is the share of the sample divided by the number of terms. The rewrite reports the share itself, which sums to one within each covariate."
coppock_leeper_mullinix_2018,appendix_table_22_estimation,Appendix Table 22,"Piazza (2015), CATE, SE, p-value and confidence limit cells reproduced",160,160,0,1,160,1,NA,NA,
coppock_leeper_mullinix_2018,appendix_table_22_n,Appendix Table 22,"Piazza (2015), N cells reproduced",32,32,0,1,32,1,NA,NA,
coppock_leeper_mullinix_2018,appendix_table_22_prop,Appendix Table 22,"Piazza (2015), Prop cells reproduced",32,32,0,1,0,0,NA,archive,"The published Prop divides each subgroup's N by a total that counts every subgroup once per regression term, so it is the share of the sample divided by the number of terms. The rewrite reports the share itself, which sums to one within each covariate."
coppock_leeper_mullinix_2018,appendix_table_23_estimation,Appendix Table 23,"Shafer (2017), CATE, SE, p-value and confidence limit cells reproduced",160,160,0,1,160,1,NA,NA,
coppock_leeper_mullinix_2018,appendix_table_23_n,Appendix Table 23,"Shafer (2017), N cells reproduced",32,32,0,1,32,1,NA,NA,
coppock_leeper_mullinix_2018,appendix_table_23_prop,Appendix Table 23,"Shafer (2017), Prop cells reproduced",32,32,0,1,0,0,NA,archive,"The published Prop divides each subgroup's N by a total that counts every subgroup once per regression term, so it is the share of the sample divided by the number of terms. The rewrite reports the share itself, which sums to one within each covariate."
coppock_leeper_mullinix_2018,appendix_table_24_estimation,Appendix Table 24,"Thompson and Schlehofer (2014), CATE, SE, p-value and confidence limit cells reproduced",160,160,0,1,160,1,NA,NA,
coppock_leeper_mullinix_2018,appendix_table_24_n,Appendix Table 24,"Thompson and Schlehofer (2014), N cells reproduced",32,32,0,1,32,1,NA,NA,
coppock_leeper_mullinix_2018,appendix_table_24_prop,Appendix Table 24,"Thompson and Schlehofer (2014), Prop cells reproduced",32,32,0,1,0,0,NA,archive,"The published Prop divides each subgroup's N by a total that counts every subgroup once per regression term, so it is the share of the sample divided by the number of terms. The rewrite reports the share itself, which sums to one within each covariate."
coppock_leeper_mullinix_2018,appendix_table_25_estimation,Appendix Table 25,"Transue (2007), CATE, SE, p-value and confidence limit cells reproduced",70,70,0,1,70,1,NA,NA,
coppock_leeper_mullinix_2018,appendix_table_25_n,Appendix Table 25,"Transue (2007), N cells reproduced",14,14,0,1,0,0,NA,archive,"The published N is the residual degrees of freedom plus two, which undercounts by one for every regressor beyond treatment and the intercept. The rewrite reports the number of observations the fit used."
coppock_leeper_mullinix_2018,appendix_table_25_prop,Appendix Table 25,"Transue (2007), Prop cells reproduced",14,14,0,1,0,0,NA,archive,"The published Prop divides each subgroup's N by a total that counts every subgroup once per regression term, so it is the share of the sample divided by the number of terms. The rewrite reports the share itself, which sums to one within each covariate."
coppock_leeper_mullinix_2018,appendix_table_26_estimation,Appendix Table 26,"Turaga (2010), CATE, SE, p-value and confidence limit cells reproduced",160,160,0,1,160,1,NA,NA,
coppock_leeper_mullinix_2018,appendix_table_26_n,Appendix Table 26,"Turaga (2010), N cells reproduced",32,32,0,1,32,1,NA,NA,
coppock_leeper_mullinix_2018,appendix_table_26_prop,Appendix Table 26,"Turaga (2010), Prop cells reproduced",32,32,0,1,0,0,NA,archive,"The published Prop divides each subgroup's N by a total that counts every subgroup once per regression term, so it is the share of the sample divided by the number of terms. The rewrite reports the share itself, which sums to one within each covariate."
coppock_leeper_mullinix_2018,appendix_table_27_estimation,Appendix Table 27,"Wallace (2011), CATE, SE, p-value and confidence limit cells reproduced",160,160,0,1,160,1,NA,NA,
coppock_leeper_mullinix_2018,appendix_table_27_n,Appendix Table 27,"Wallace (2011), N cells reproduced",32,32,0,1,32,1,NA,NA,
coppock_leeper_mullinix_2018,appendix_table_27_prop,Appendix Table 27,"Wallace (2011), Prop cells reproduced",32,32,0,1,0,0,NA,archive,"The published Prop divides each subgroup's N by a total that counts every subgroup once per regression term, so it is the share of the sample divided by the number of terms. The rewrite reports the share itself, which sums to one within each covariate."
coppock_leeper_mullinix_2018,appendix_table_3_estimation,Appendix Table 3,"Brandt (2013), CATE, SE, p-value and confidence limit cells reproduced",130,130,0,1,130,1,NA,NA,
coppock_leeper_mullinix_2018,appendix_table_3_n,Appendix Table 3,"Brandt (2013), N cells reproduced",26,26,0,1,26,1,NA,NA,
coppock_leeper_mullinix_2018,appendix_table_3_prop,Appendix Table 3,"Brandt (2013), Prop cells reproduced",26,26,0,1,0,0,NA,archive,"The published Prop divides each subgroup's N by a total that counts every subgroup once per regression term, so it is the share of the sample divided by the number of terms. The rewrite reports the share itself, which sums to one within each covariate."
coppock_leeper_mullinix_2018,appendix_table_4_estimation,Appendix Table 4,"Caprariello and Reis (2013), CATE, SE, p-value and confidence limit cells reproduced",160,160,0,1,160,1,NA,NA,
coppock_leeper_mullinix_2018,appendix_table_4_n,Appendix Table 4,"Caprariello and Reis (2013), N cells reproduced",32,32,0,1,32,1,NA,NA,
coppock_leeper_mullinix_2018,appendix_table_4_prop,Appendix Table 4,"Caprariello and Reis (2013), Prop cells reproduced",32,32,0,1,0,0,NA,archive,"The published Prop divides each subgroup's N by a total that counts every subgroup once per regression term, so it is the share of the sample divided by the number of terms. The rewrite reports the share itself, which sums to one within each covariate."
coppock_leeper_mullinix_2018,appendix_table_5_estimation,Appendix Table 5,"Chong and Druckman (2010), CATE, SE, p-value and confidence limit cells reproduced",130,130,0,1,130,1,NA,NA,
coppock_leeper_mullinix_2018,appendix_table_5_n,Appendix Table 5,"Chong and Druckman (2010), N cells reproduced",26,26,0,1,26,1,NA,NA,
coppock_leeper_mullinix_2018,appendix_table_5_prop,Appendix Table 5,"Chong and Druckman (2010), Prop cells reproduced",26,26,0,1,0,0,NA,archive,"The published Prop divides each subgroup's N by a total that counts every subgroup once per regression term, so it is the share of the sample divided by the number of terms. The rewrite reports the share itself, which sums to one within each covariate."
coppock_leeper_mullinix_2018,appendix_table_6_estimation,Appendix Table 6,"Craig and Richeson (2014), CATE, SE, p-value and confidence limit cells reproduced",160,160,0,1,160,1,NA,NA,
coppock_leeper_mullinix_2018,appendix_table_6_n,Appendix Table 6,"Craig and Richeson (2014), N cells reproduced",32,32,0,1,32,1,NA,NA,
coppock_leeper_mullinix_2018,appendix_table_6_prop,Appendix Table 6,"Craig and Richeson (2014), Prop cells reproduced",32,32,0,1,0,0,NA,archive,"The published Prop divides each subgroup's N by a total that counts every subgroup once per regression term, so it is the share of the sample divided by the number of terms. The rewrite reports the share itself, which sums to one within each covariate."
coppock_leeper_mullinix_2018,appendix_table_7_estimation,Appendix Table 7,"Denny (2012), CATE, SE, p-value and confidence limit cells reproduced",160,160,0,1,160,1,NA,NA,
coppock_leeper_mullinix_2018,appendix_table_7_n,Appendix Table 7,"Denny (2012), N cells reproduced",32,32,0,1,32,1,NA,NA,
coppock_leeper_mullinix_2018,appendix_table_7_prop,Appendix Table 7,"Denny (2012), Prop cells reproduced",32,32,0,1,0,0,NA,archive,"The published Prop divides each subgroup's N by a total that counts every subgroup once per regression term, so it is the share of the sample divided by the number of terms. The rewrite reports the share itself, which sums to one within each covariate."
coppock_leeper_mullinix_2018,appendix_table_8_estimation,Appendix Table 8,"Epley et al. (2009), CATE, SE, p-value and confidence limit cells reproduced",100,100,0,1,100,1,NA,NA,
coppock_leeper_mullinix_2018,appendix_table_8_n,Appendix Table 8,"Epley et al. (2009), N cells reproduced",20,20,0,1,20,1,NA,NA,
coppock_leeper_mullinix_2018,appendix_table_8_prop,Appendix Table 8,"Epley et al. (2009), Prop cells reproduced",20,20,0,1,0,0,NA,archive,"The published Prop divides each subgroup's N by a total that counts every subgroup once per regression term, so it is the share of the sample divided by the number of terms. The rewrite reports the share itself, which sums to one within each covariate."
coppock_leeper_mullinix_2018,appendix_table_9_estimation,Appendix Table 9,"Flavin (2011), CATE, SE, p-value and confidence limit cells reproduced",160,160,0,1,160,1,NA,NA,
coppock_leeper_mullinix_2018,appendix_table_9_n,Appendix Table 9,"Flavin (2011), N cells reproduced",32,32,0,1,32,1,NA,NA,
coppock_leeper_mullinix_2018,appendix_table_9_prop,Appendix Table 9,"Flavin (2011), Prop cells reproduced",32,32,0,1,0,0,NA,archive,"The published Prop divides each subgroup's N by a total that counts every subgroup once per regression term, so it is the share of the sample divided by the number of terms. The rewrite reports the share itself, which sums to one within each covariate."
coppock_leeper_mullinix_2018,abstract_study_pairs,Abstract,Study pairs analysed,27,27,0,1,27,1,NA,NA,"""We analyze subgroup conditional average treatment effects using 27 original-replication study pairs"""
coppock_leeper_mullinix_2018,abstract_survey_responses,Abstract,Individual survey responses,101745,101745,0,1,101745,1,NA,NA,"""(encompassing 101,745 individual survey responses)"". The total is the sum of Table 1's two sample size columns. For the sixteen studies taken from Mullinix et al. (2015) those columns count the whole survey wave rather than the respondents assigned to the experiment, and the same MTurk waves are counted once per study, so the figure is not the number of observations the estimates use. See study_ns.csv."
coppock_leeper_mullinix_2018,significance_study_pairs,Significance statement,Survey experiments replicated,27,27,0,1,27,1,NA,NA,"""We replicated 27 survey experiments"""
coppock_leeper_mullinix_2018,significance_survey_responses,Significance statement,Individual survey responses,101745,101745,0,1,101745,1,NA,NA,"""(encompassing 101,745 individual survey responses)"". The same quantity the abstract states."
coppock_leeper_mullinix_2018,methods_study_pairs,Methods and Materials,Original-replication pairs reanalysed,27,27,0,1,27,1,NA,NA,"""through reanalyses of 27 original-replication pairs collected by refs. 12 and 13"""
coppock_leeper_mullinix_2018,methods_subgroups,Methods and Materials,Distinct subgroups,16,16,0,1,16,1,NA,NA,"""among 16 distinct subgroups defined by subjects' pretreatment background characteristics"""
coppock_leeper_mullinix_2018,methods_cate_difference_in_means,Methods and Materials,CATEs estimated by difference-in-means,NA,NA,0,NA,NA,NA,NA,NA,"""We estimate all CATEs via difference-in-means"", repeated in the appendix. 4 of 27 study pairs fit a regressor beyond treatment, and in every case it is another arm of the study's own factorial design or the party identification its assignment probabilities depend on. Recorded as an approximation with no verdict."
coppock_leeper_mullinix_2018,methods_separate_experiments,Methods and Materials,Separate experiments,54,54,0,1,54,1,NA,NA,"""the varied experimental protocols for each of the 54 separate experiments (27 study pairs)"""
coppock_leeper_mullinix_2018,methods_study_pairs_parenthetical,Methods and Materials,"Study pairs, same sentence",27,27,0,1,27,1,NA,NA,"""the 54 separate experiments (27 study pairs) reanalyzed here"""
coppock_leeper_mullinix_2018,methods_attributes,Methods and Materials,Pretreatment attributes,6,6,0,1,6,1,NA,NA,"""We have identified six attributes that are measured in nearly all studies"""
coppock_leeper_mullinix_2018,methods_max_categories,Methods and Materials,Largest number of categories per attribute,3,3,0,1,3,1,NA,NA,"""we have coarsened each to a maximum of three categories to maintain comparability across studies"""
coppock_leeper_mullinix_2018,methods_age_band_1_low,Methods and Materials,"Youngest age band, lower bound",18,18,0,1,18,1,NA,NA,"""age (18 to 39, 40 to 59, 60+)"""
coppock_leeper_mullinix_2018,methods_age_band_1_high,Methods and Materials,"Youngest age band, upper bound",39,39,0,1,39,1,NA,NA,Same sentence
coppock_leeper_mullinix_2018,methods_age_band_2_low,Methods and Materials,"Middle age band, lower bound",40,40,0,1,40,1,NA,NA,Same sentence
coppock_leeper_mullinix_2018,methods_age_band_2_high,Methods and Materials,"Middle age band, upper bound",59,59,0,1,59,1,NA,NA,Same sentence
coppock_leeper_mullinix_2018,methods_age_band_3_low,Methods and Materials,"Oldest age band, lower bound",60,60,0,1,60,1,NA,NA,Same sentence
coppock_leeper_mullinix_2018,footnote_se_formula,Results footnote,Standard error of the difference-in-CATEs,NA,NA,0,NA,NA,NA,TRUE,NA,"""We estimate the standard error of the difference-in-CATEs as the square root of SE_1 squared plus SE_2 squared."" The stated formula reproduces every one of the 393 standard errors of the difference."
coppock_leeper_mullinix_2018,footnote_normal_approximation,Results footnote,Tests under a normal approximation,NA,NA,0,NA,NA,NA,TRUE,NA,"""and conduct hypothesis tests under a normal approximation"""
coppock_leeper_mullinix_2018,footnote_alpha,Results footnote,Significance threshold for the difference,0.04994110666554652,0.05,2,1,0.049941106665546894,1,NA,NA,"""We deem a difference statistically significant if the P value is less than 0.05."" The threshold is not printed anywhere in the output, so it is recovered from where the classification changes."
coppock_leeper_mullinix_2018,results_opportunities,Results,Comparison opportunities,393,393,0,1,393,1,NA,NA,"""Out of 393 opportunities, the difference-in-CATEs is significant 59 times, or 15% of the time."""
coppock_leeper_mullinix_2018,results_diff_significant,Results,Difference-in-CATEs significant,59,59,0,1,59,1,NA,NA,Same sentence
coppock_leeper_mullinix_2018,results_diff_share,Results,Share of comparisons significant,15.012722646310433,15,0,1,15.012722646310433,1,NA,NA,Same sentence. Carried on the article's percentage scale.
coppock_leeper_mullinix_2018,results_sign_disagreements,Results,Sign disagreements with both versions significant,0,0,0,1,0,1,NA,NA,"""In 0 of 393 opportunities do the CATEs have different signs while both being statistically distinguishable from 0."""
coppock_leeper_mullinix_2018,results_sign_opportunities,Results,"Comparison opportunities, same sentence",393,393,0,1,393,1,NA,NA,Same sentence
coppock_leeper_mullinix_2018,results_significant_original,Results,CATEs significant in the original version,156,156,0,1,156,1,NA,NA,"""Of the 156 CATEs that were significantly different from no effect in the original, 118 are significantly different from no effect in the MTurk replication."""
coppock_leeper_mullinix_2018,results_significant_both,Results,"Of those, significant in the MTurk version",118,118,0,1,118,1,NA,NA,Same sentence
coppock_leeper_mullinix_2018,results_null_original,Results,CATEs indistinguishable from zero in the original version,237,237,0,1,237,1,NA,NA,"""Of the 237 CATEs that were statistically indistinguishable from no effect in the original, 158 were statistically indistinguishable from 0 in the MTurk version."""
coppock_leeper_mullinix_2018,results_null_both,Results,"Of those, indistinguishable in the MTurk version",158,158,0,1,158,1,NA,NA,Same sentence
coppock_leeper_mullinix_2018,results_match_rate,Results,Overall significance match rate,70.22900763358778,70,0,1,70.22900763358778,1,NA,NA,"""The overall 'significance match' rate is therefore 70%."" Carried on the article's percentage scale."
coppock_leeper_mullinix_2018,results_slopes_all_positive,Results,Across-study slopes all positive,NA,NA,0,NA,NA,NA,TRUE,NA,"""The slopes are all positive, ranging from 0.71 to 1.01."""
coppock_leeper_mullinix_2018,results_slope_min,Results,Smallest across-study slope,0.71,0.71,2,1,0.7132529452130822,1,NA,NA,Same sentence
coppock_leeper_mullinix_2018,results_slope_max,Results,Largest across-study slope,1.01,1.01,2,1,1.008494917557303,1,NA,NA,Same sentence
coppock_leeper_mullinix_2018,results_intervals_excluding_one,Results,Across-study intervals excluding one,1,1,0,1,1,1,NA,NA,"""All but one of the 95% CIs include 1 ... The CI for the conservative group (just barely) excludes 1"""
coppock_leeper_mullinix_2018,results_conservative_excludes_one,Results,The excluding interval is the conservative group,NA,NA,0,NA,NA,NA,TRUE,NA,"""The CI for the conservative group (just barely) excludes 1"". The interval that excludes one belongs to Conservative, at [0.52, 0.99]."
coppock_leeper_mullinix_2018,results_mostly_uncorrelated,Results,Within-study correlation of CATEs across versions,NA,NA,0,NA,NA,NA,NA,NA,"""The CATEs in the original study are mostly uncorrelated with the CATEs in the MTurk versions."" The article prints no number. The 27 within-study correlations run from -0.63 to 0.87 with a median of 0.24 and are positive in 17 of 27 pairs; see text_within_study_correlation.csv."
coppock_leeper_mullinix_2018,results_within_smaller,Results,Within-study slopes smaller than across-study slopes,NA,NA,0,NA,NA,NA,NA,NA,"""We see within-study slopes that are smaller than the across-study slopes and slopes of both signs."" The article prints no number. The within-study slopes have a median of 0.24 against 0.88 across studies; 16 of 27 fall below every across-study slope and 10 rise above every one, so the claim holds of the centre of the distribution and not of its tails. Recorded as an approximation with no verdict."
coppock_leeper_mullinix_2018,results_both_signs,Results,Within-study slopes of both signs,NA,NA,0,NA,NA,NA,TRUE,NA,"""and slopes of both signs"""
coppock_leeper_mullinix_2018,results_cates_clustered,Results,CATEs tightly clustered within a study version,NA,NA,0,NA,NA,NA,NA,NA,"""Most of the CATEs are tightly clustered around the overall average treatment effect in each study version."" The article prints no number. Within a study version the subgroup effects have a standard deviation of 0.15 on the standardized outcome at the median, running 0.04 to 0.57. Recorded as an approximation with no verdict."
coppock_leeper_mullinix_2018,results_f_fail,Results,F tests failing to reject at 0.05,25,25,0,1,25,1,NA,NA,"""we fail to reject the null hypothesis most of the time (25 of 27 opportunities)"""
coppock_leeper_mullinix_2018,results_f_opportunities,Results,Study pairs offering a joint F test,27,27,0,1,27,1,NA,NA,Same sentence
coppock_leeper_mullinix_2018,discussion_study_pairs,Discussion,Pairs of survey experiments,27,27,0,1,27,1,NA,NA,"""Drawing on a fine-grained analysis of 27 pairs of survey experiments"""
coppock_leeper_mullinix_2018,discussion_limited_moderation,Discussion,Limited evidence of moderation,NA,NA,0,NA,NA,NA,NA,NA,"""We find only limited evidence that such moderation occurs and, when it does, the differences in effect sizes across groups are small."" The article prints no number. 59 of 393 comparisons differ significantly and the absolute difference in CATEs has a median of 0.17 standard deviations. Recorded as an approximation with no verdict."
coppock_leeper_mullinix_2018,appendix_p_two_sided,Appendix front matter,p-values are two-sided,NA,NA,0,NA,NA,NA,TRUE,NA,"""All p-values are two-sided and are not corrected for multiple comparisons."""
coppock_leeper_mullinix_2018,appendix_prop_definition,Appendix front matter,Prop is the share of subjects in the class,NA,NA,0,NA,NA,NA,FALSE,archive,"""The Prop column describes what proportion of the subjects in a given experiment belong to the associated covariate class."" Every printed Prop is that share divided by the number of terms in the regression that produced the row, so an attribute's classes sum to between 0.20 and 0.50 rather than to 1.00, across 300 attribute-by-study-version blocks. The deposit's own code produces exactly what the appendix prints, so the fault is in the deposit rather than in the transcription."
coppock_leeper_mullinix_2018,appendix_ci_level,Appendix table headers,Confidence level of the CATE intervals,95.00000000000013,95,0,1,95.00000000000016,1,NA,NA,"""95% CI"", printed once in each of the 54 appendix panels."
coppock_leeper_mullinix_2018,figure_1_plotted_coordinates,Figure 1,Plotted points and confidence limits,NA,NA,NA,NA,NA,NA,NA,NA,The figure prints no numbers. All 393 plotted comparisons and their six coordinates agree with the deposit's own CLM_scatter_df.rds to better than 1e-12; see figure_1_across_study_correspondence.csv.
coppock_leeper_mullinix_2018,figure_2_plotted_coordinates,Figure 2,Plotted points and confidence limits,NA,NA,NA,NA,NA,NA,NA,NA,The same 393 comparisons panelled by study rather than by subgroup; see figure_2_within_study_correspondence.csv.
